0.6037834960611831,0.30693336749679345,0.07563350168760555,255,245,240,1,3.6363636363636367,4Suite-XML
0.572467065104041,0.25525539452854384,0.06685113693901913,255,245,240,1,3.6363636363636367,Adytum-NetCIDR
0.3313197765318594,0.6562156167310252,0.9507253862102996,255,245,240,1,3.6363636363636367,Adytum-PyMonitor
0.14325611653068746,0.8589034619567958,0.6332233499880493,255,245,240,1,3.6363636363636367,Aglyph
0.2000518706945471,0.28640211195010723,0.9025235243309758,255,245,240,1,3.6363636363636367,Allegra
0.3449224760670232,0.7027578260216272,0.0828906614875131,255,245,240,1,3.6363636363636367,Anagrammer
0.7314209879846364,0.919193168401394,0.34690364412822505,255,245,240,1,3.6363636363636367,ArcRstats
0.8524487499702322,0.8745433796942085,0.39712527229851785,255,245,240,1,3.6363636363636367,AuthKit
0.3261217351977167,0.19933538039322932,0.09431584220099946,255,245,240,1,3.6363636363636367,Beaker
0.3999524272216533,0.9436743741530258,0.35772258188848083,255,245,240,1,3.6363636363636367,BitBucket
0.8832720388768536,0.7127891736957548,0.36805616448527095,255,245,240,1,3.6363636363636367,BrightContent
0.6152387063528449,0.5040795632182137,0.9847666978629633,255,245,240,1,3.6363636363636367,Buffet
0.523021763278228,0.9283296786635319,0.31430979971599105,255,245,240,1,3.6363636363636367,BuffetMyghty
0.739081294721663,0.8657035505897784,0.31098232994151737,255,245,240,1,3.6363636363636367,BuffetString
0.49807303256243596,0.4836467484906965,1.0,255,245,240,1,3.6363636363636367,BuffetXSLT
0.5194636203930469,0.9665621622761218,0.569034670745387,255,245,240,1,3.6363636363636367,BytecodeAssembler
0.22256814858920596,0.12479243686046212,0.6840259123653855,255,245,240,1,3.6363636363636367,CBlog
0.559109254549498,0.8630581042362208,0.8409461005950327,255,245,240,1,3.6363636363636367,Cheesecake
0.643671552125705,0.8814106723989976,0.2767286365653825,252,201,180,1,3.6363636363636367,Cheetah
0.7920560236801103,0.6095204201513335,0.8578239656208078,255,245,240,1,3.6363636363636367,CleverHarold
0.0501557498616034,0.48891388957185794,0.3434770942555617,255,245,240,1,3.6363636363636367,Colubrid
0.22492164038144918,0.9308094218646021,0.5726269845348105,255,245,240,1,3.6363636363636367,ConfigAdministrator
0.18000789417187008,0.8180442062491328,0.2594774367809823,255,245,240,1,3.6363636363636367,DBUtils
0.6367411811506272,0.20019170111112275,0.09714556015266203,255,245,240,1,3.6363636363636367,DecoratorTools
0.15533167560494418,0.5161198479640694,0.8305260531215377,255,245,240,1,3.6363636363636367,DeferArgs
0.9049067372656733,0.41692440232681643,0.7876922447201232,255,245,240,1,3.6363636363636367,Dejavu
0.8618707020283858,0.5506228485388683,0.8333690921943732,255,245,240,1,3.6363636363636367,Detextile
0.9754066762472606,0.5586893768559976,0.38088737651773663,255,245,240,1,3.6363636363636367,DisplayShelf
0.9045013416646653,0.20212825238479,0.343759238626276,255,245,240,1,3.6363636363636367,DivDialogs
0.7741831990300613,0.7879816058408141,0.15621280710037086,255,245,240,1,3.6363636363636367,Dulcinea
0.990563784037759,0.4331164232616377,0.40139635982532285,255,245,240,1,3.6363636363636367,Durus
0.8319561047825241,0.23380279877014148,0.7699213307397937,255,245,240,1,3.6363636363636367,EggsHelper
0.33035453942848103,0.8263844395273118,0.841376786148097,255,245,240,1,3.6363636363636367,EuroPython2006_PyQt4_Examples
0.34670675291589537,0.3454176994516311,0.06584850704750667,255,245,240,1,3.6363636363636367,Extractor
0.3078307957746697,0.7054925362649654,0.9167041414010824,255,245,240,1,3.6363636363636367,FelloWiki
0.7589027264272388,0.9461898722915023,0.4496481229265498,255,245,240,1,3.6363636363636367,FibraNet
0.6268856166642577,0.5774416222989257,0.96694949497411,255,245,240,1,3.6363636363636367,FileFields
0.7818134045267076,0.06836542569315243,0.5020451362900192,255,245,240,1,3.6363636363636367,FormBuild
0.19179801879968347,0.4185022535774019,0.11986823835901506,255,245,240,1,3.6363636363636367,FormEncode
0.9195952768367373,0.7271046767033937,0.7081865661533703,255,245,240,1,3.6363636363636367,Fozzy
0.11062228952478326,0.26389979734370317,0.30470693291118567,255,245,240,1,3.6363636363636367,FreeSpeak
0.7393657796302047,0.40797786685855225,0.09341913676805641,255,245,240,1,3.6363636363636367,Freetype
0.9154017524293617,0.6922422688450105,0.2594167261909907,255,245,240,1,3.6363636363636367,HTConsole
0.4914726543540895,0.18924662492023656,0.42688852630009033,251,138,106,1,7.272727272727273,IMDbPY
0.9217930615287865,0.2588507905073451,0.651616385153584,255,245,240,1,3.6363636363636367,INITools
0.40928180934399616,0.2762077912703872,0.9580564023060049,255,245,240,1,3.6363636363636367,ISPManCCP
0.37824500011848833,0.104379898479276,0.7733216815300947,255,245,240,1,3.6363636363636367,Jinja
0.1870500530039554,0.5829367329349168,0.08424218883892691,255,245,240,1,3.6363636363636367,JsonUtils
0.40621365008739313,0.053348276867398944,0.328216120678417,255,245,240,1,3.6363636363636367,LSystem2
0.21463963491360166,0.08489349844054014,0.4371078427268145,255,245,240,1,3.6363636363636367,Lavengro
0.8525732846731595,0.48842713054202236,0.8857651149091718,255,245,240,1,3.6363636363636367,Louie
0.4878692350455513,0.0,0.42671951339329184,255,245,240,1,3.6363636363636367,LyricSearch
0.8650539711148888,0.8298833751994826,0.44952346963259837,255,245,240,1,3.6363636363636367,M2Crypto
0.47748543650996195,0.6820970186384272,0.03505256823341832,255,245,240,1,3.6363636363636367,Magot
0.3984598266354373,0.10403662484042861,0.21379661964849744,255,245,240,1,3.6363636363636367,Mako
0.8025585707430084,0.2427810345843842,0.2548955603942566,255,245,240,1,3.6363636363636367,Migration
0.9408304728563042,0.3480535420174231,0.43771466763008104,255,245,240,1,3.6363636363636367,MochiInterpreter
0.2909173703100458,0.44015124651853016,0.9043698974569828,255,245,240,1,3.6363636363636367,Model-Builder
0.4335189545056154,0.3690785587016037,0.018516732531413026,255,245,240,1,3.6363636363636367,Mosaic
0.22370771365770156,0.8358497051857015,0.7846319101619484,255,245,240,1,3.6363636363636367,MuleHashDB
0.5741258211672039,0.08362448656645853,0.7833561000685445,255,245,240,1,3.6363636363636367,MultiComplete
0.014205923072547373,0.500766525330122,0.5039907836981277,255,245,240,1,3.6363636363636367,Myghty
0.626639248910293,0.04551068792947854,0.7244349072831053,255,245,240,1,3.6363636363636367,MyghtyUtils
0.926210013096244,0.2588108017248535,0.7119315031996937,255,245,240,1,3.6363636363636367,NetCube
0.599773112366544,0.055332008435063196,0.3750609725243212,255,245,240,1,3.6363636363636367,NonMockObjects
0.2803128863107297,0.7683980628151792,0.11747806795928487,255,245,240,1,3.6363636363636367,NoseXML
0.43507004351596695,0.801529886845989,0.8922631342969094,255,245,240,1,3.6363636363636367,OWSLib
0.10624520540758002,0.3955755866347964,0.8370280794834661,255,245,240,1,3.6363636363636367,Oort
0.23474331136532273,0.280582194194378,0.12780142749283097,255,245,240,1,3.6363636363636367,OpenBayes
0.6888145493791424,0.048134474926847436,0.5649761072138444,255,245,240,1,3.6363636363636367,OpenPGP
0.20747603064960643,0.6963321157453227,0.8546802541247998,255,245,240,1,3.6363636363636367,Orchid
0.8523061392623341,0.31635815536023454,0.15810560999687667,255,245,240,1,3.6363636363636367,PDIS-XPath
0.9335613359999456,0.3271695577050382,0.2748302109121172,255,245,240,1,3.6363636363636367,PalmDB
0.6878194037270225,0.5525811552528457,0.6020269513026886,251,138,106,1,7.272727272727273,Paste
0.7414022121285349,0.3313631697895743,0.3412967849800905,241,68,49,1,10.909090909090908,PasteDeploy
0.7109082054621799,0.5454858375428121,0.14064685389832174,241,68,49,1,10.909090909090908,PasteScript
0.20972463193686408,0.9156642046815922,0.3796823645966775,255,245,240,1,3.6363636363636367,PasteWebKit
0.6746692294457484,0.945294950925656,0.7213217762300485,255,245,240,1,3.6363636363636367,PdbTextMateSupport
0.5152785585820865,0.9861471418853834,0.6403130324457912,255,245,240,1,3.6363636363636367,PlotKit
0.7140054005051292,0.7450177671016328,0.15704013000629055,255,245,240,1,3.6363636363636367,PlugBoard
0.84282481155712,0.6876523254197408,0.23693134390665294,255,245,240,1,3.6363636363636367,Pocoo
0.18173667242217018,0.3496970528179365,0.11587423958377,255,245,240,1,3.6363636363636367,PyAppleSMS
0.8256218133240104,0.8914845578634515,0.5581152871401833,255,245,240,1,3.6363636363636367,PyCAPTCHA
0.7728001289529355,0.814436906728569,0.844288584904485,255,245,240,1,3.6363636363636367,PyDAV
0.648173138316573,0.9009057420750961,0.22830663074747798,255,245,240,1,3.6363636363636367,PyDO
0.20119332721760821,0.778514367400456,0.15795700246663016,255,245,240,1,3.6363636363636367,PyGObject
0.8548167873744964,0.6334882005461854,0.8447139023832583,255,245,240,1,3.6363636363636367,PyGreSQL
0.8868452884430414,0.430078560898092,0.8716973506198648,255,245,240,1,3.6363636363636367,PyKCS11
0.7556653423733264,0.7798159201951038,0.20651369119289711,255,245,240,1,3.6363636363636367,PyLogo
0.898433865607074,0.6229904129037361,0.8253226837629303,255,245,240,1,3.6363636363636367,PyOpenGL
0.7597634274592939,0.3235783717746345,0.8177185118270924,255,245,240,1,3.6363636363636367,PyPI-Browser
0.905156891405651,0.7595850389402228,0.5086392235986408,255,245,240,1,3.6363636363636367,PyPedal
0.1559773228607426,0.5447509991818553,0.8997695755629942,255,245,240,1,3.6363636363636367,PyPerforce
0.24416598264840494,0.1530876880920599,0.8064676939718383,255,245,240,1,3.6363636363636367,PyRRD
0.23406177107705475,0.42755199249565606,0.2711914776896713,252,201,180,1,3.6363636363636367,PyWavelets
0.5053687843639473,0.8179922403208384,0.07996469743317998,255,245,240,1,3.6363636363636367,PyWebDAV
0.3931187553574102,0.7807024903181875,0.17559601911644931,255,245,240,1,3.6363636363636367,Pyreb
0.49190227767674105,0.043316407194461976,0.26432834781476966,255,245,240,1,3.6363636363636367,Python-Amazon
0.4001548546824583,0.9540575934796747,0.25374169663823765,255,245,240,1,3.6363636363636367,PythonEggTools
0.1871615869584014,0.08855959203471943,0.5419074113173881,255,245,240,1,3.6363636363636367,Quadtree
0.48133223566166866,0.7563988495292061,0.06466584591473225,255,245,240,1,3.6363636363636367,QuickWiki
0.41979037331393415,0.7959031362871078,0.07906420330779472,255,245,240,1,3.6363636363636367,RDFFormats
0.6913360169891489,0.03264802847013409,0.49675073510686574,255,245,240,1,3.6363636363636367,RDFMessage
0.5132012903549491,0.8896781441965997,0.7656972996477712,255,245,240,1,3.6363636363636367,Rat
0.9891144512995584,0.5689023444540634,0.6076211687186904,255,245,240,1,3.6363636363636367,RhubarbTart
0.12060833183215997,0.5232161341720765,0.1409833758341306,255,245,240,1,3.6363636363636367,SE
0.8713141744908384,0.6491134684699378,0.7644397002578188,255,245,240,1,3.6363636363636367,SPyRE
0.8628996331493201,0.14424126386401562,0.327133202916902,251,138,106,1,7.272727272727273,SQLAlchemy
0.8979913256377501,0.7963882217731005,0.4007502083425275,255,245,240,1,3.6363636363636367,Salamoia
0.5999706781168588,0.9930965251716547,0.5579894858903921,255,245,240,1,3.6363636363636367,Sancho
0.04328344815435128,0.36986085143307995,0.6966861199836893,255,245,240,1,3.6363636363636367,SchevoWeb
0.45910379230752113,0.9952954109524086,0.6105190031230744,255,245,240,1,3.6363636363636367,Select-Shuttle
0.1677150629971657,0.5592870014700133,0.12908340145622435,255,245,240,1,3.6363636363636367,SimpleExampleEgg
0.2085306618973831,0.16308224242541394,0.48273433842478,255,245,240,1,3.6363636363636367,SimpleRDFServer
0.24358820669601394,0.5890317080829779,0.07106592961967535,255,245,240,1,3.6363636363636367,SpideyAgent
0.8475530530903578,0.24029893081164438,0.16419792731452001,255,245,240,1,3.6363636363636367,SymbolType
0.35734700478778625,0.46467127962064,0.9611943440978434,255,245,240,1,3.6363636363636367,TGFirebugLite
0.5658383419385854,0.6840520506753384,0.9433544042444649,255,245,240,1,3.6363636363636367,Tasty
0.2849670395240638,0.8740101313166095,0.7571347426406478,255,245,240,1,3.6363636363636367,TemplateBrowser
0.5144196260241232,0.039646495664967,0.6841047116399034,255,245,240,1,3.6363636363636367,TestGen4Web-Python
0.27539507875581365,0.9002339964666277,0.3157651276142196,255,245,240,1,3.6363636363636367,TheMingBlogger
0.3295988008868581,0.09361248575955466,0.23025577641400766,255,245,240,1,3.6363636363636367,TheMingServer
0.35356877697581146,0.6824796569652967,0.03807228332358746,255,245,240,1,3.6363636363636367,TheMingWiki
0.36486885740582525,0.840688027606756,0.8997379918457334,255,245,240,1,3.6363636363636367,TracCtxtnavAdd
0.6459539783634873,0.3761426668244418,0.9760243781920117,255,245,240,1,3.6363636363636367,TracFakeUsername
0.8186080633430414,0.37093786358594577,0.828049890536217,255,245,240,1,3.6363636363636367,TracHTTPAuth
0.48890495078222423,0.03353042979606503,0.39340277556991077,255,245,240,1,3.6363636363636367,TracHierWiki
0.4017975747264099,0.9859499995093082,0.4498393955789353,255,245,240,1,3.6363636363636367,TracIncludeMacro
0.4740933636760093,0.06108995600239207,0.7641551976441346,255,245,240,1,3.6363636363636367,TracLineDiffMacro
0.472207524797477,0.1564024513375887,0.16062250333500852,255,245,240,1,3.6363636363636367,TracPrivateTickets
0.45926938316083366,0.22986571126121305,0.16538914541623145,255,245,240,1,3.6363636363636367,TracPygments
0.6723067956171862,0.07176052142373072,0.6596906131279227,255,245,240,1,3.6363636363636367,TracRobotsTxt
0.9470601466631191,0.6419769304589307,0.6477025027907757,255,245,240,1,3.6363636363636367,TracSelfDelete
0.7983266433620669,0.17379841762614776,0.7940685985779008,255,245,240,1,3.6363636363636367,TracUnixGroups
0.8786067173998634,0.24617389594241204,0.7889756748714167,255,245,240,1,3.6363636363636367,TurboCheetah
0.9770800189645646,0.4006197820522764,0.5074289509035514,255,245,240,1,3.6363636363636367,TurboClearsilver
0.15130192119077918,0.8666977732640719,0.33407048127504363,255,245,240,1,3.6363636363636367,TurboEntity
0.8865884577532633,0.8164238492629191,0.3032515248117606,255,245,240,1,3.6363636363636367,TurboHtmlPy
0.8516821296043189,0.75737060862941,0.260445940313027,255,245,240,1,3.6363636363636367,TurboJinja
0.6842028311070193,0.882526123830619,0.1828158688426816,255,245,240,1,3.6363636363636367,TurboKid
0.667392504203004,0.9279643161622737,0.4587598326798578,255,245,240,1,3.6363636363636367,TurboLucene
0.9330133328522471,0.2668391268492067,0.5587997481988917,255,245,240,1,3.6363636363636367,TurboMail
0.19361869187428382,0.15036130602419667,0.35407000912412506,255,245,240,1,3.6363636363636367,TurboTinyMCE
0.3249627080209874,0.9672486505761713,0.6272875913628599,255,245,240,1,3.6363636363636367,Twisted-Goodies
0.19768238002858735,0.856483914767797,0.7300014385957895,255,245,240,1,3.6363636363636367,UPCTools
0.10721790004936473,0.8370729418116788,0.5229511125738386,255,245,240,1,3.6363636363636367,USPP-Universal-Serial-Port-Python-Library
0.14780454718930935,0.17571420719837175,0.7046186948854395,255,245,240,1,3.6363636363636367,WB
0.5887571547323873,0.5549224972753417,0.012625799071619275,255,245,240,1,3.6363636363636367,WFront
0.07576007337661912,0.21906734427717534,0.41189516697534206,255,245,240,1,3.6363636363636367,Wareweb
0.0364624043230076,0.633233235355252,0.6174000869230007,255,245,240,1,3.6363636363636367,WebOrganiser
0.06122405034063634,0.6061265012115293,0.4519214443983243,255,245,240,1,3.6363636363636367,WebStack
0.7396998959043176,0.0647917952601449,0.4573346411121769,255,245,240,1,3.6363636363636367,Webware-for-Python
0.692200123914198,0.25875072472014704,0.8817473321112553,255,245,240,1,3.6363636363636367,XSLTools
0.20190360370430183,0.829756645246154,0.31460478129949054,255,245,240,1,3.6363636363636367,ZConfig
0.27532201699819164,0.9579107856609888,0.5077614759043066,255,245,240,1,3.6363636363636367,ZPTKit
0.7729669397616203,0.5089269326997276,0.05817407661813825,255,245,240,1,3.6363636363636367,ZSI
0.03950530712016067,0.6922702668233176,0.4424342094275616,255,245,240,1,3.6363636363636367,Zenoss-Plugins
0.8063332518357866,0.8967364479816156,0.5037370879766659,255,245,240,1,3.6363636363636367,ZestyParser
0.036888432201323956,0.48064447843861274,0.7023123813927441,255,245,240,1,3.6363636363636367,affinity
0.7669138878285449,0.9152358620296913,0.408329714420642,255,245,240,1,3.6363636363636367,analysis
0.528560364042938,0.9582340492187401,0.6945109335659235,255,245,240,1,3.6363636363636367,apachelog
0.13650504958762474,0.7171507108515449,0.8056937853752334,255,245,240,1,3.6363636363636367,archgenxml
0.9485109963566425,0.22920092052424687,0.46450517388628026,255,245,240,1,3.6363636363636367,argparse
0.3436610473350857,0.01544108927686992,0.49955522348297493,255,245,240,1,3.6363636363636367,arrayterator
0.3361548234516457,0.3980383800016231,0.040008025510101054,255,245,240,1,3.6363636363636367,atomstorage
0.5981683570145299,0.979809593112572,0.6393151547086557,255,245,240,1,3.6363636363636367,atropine
0.9040273054890238,0.5355758792828268,0.7728496066489086,255,245,240,1,3.6363636363636367,bdist_mpkg
0.0,0.4940783022208963,0.4606354260148398,255,245,240,1,3.6363636363636367,boto
0.09811659823727639,0.49388286814341914,0.23630478450381745,255,245,240,1,3.6363636363636367,bruce
0.6213613113657231,0.4523927984085719,0.9433389591877861,255,245,240,1,3.6363636363636367,buildout_script
0.9695361836662092,0.7040661050954631,0.4873513394681982,255,245,240,1,3.6363636363636367,buildutils
0.04036257712147016,0.3123275349520051,0.35873722806148534,255,245,240,1,3.6363636363636367,bundleman
1.0,0.5448702907945606,0.48928082160261116,255,245,240,1,3.6363636363636367,calcore
0.6535370470509541,0.9729975789317962,0.3889836238169022,255,245,240,1,3.6363636363636367,cclib
0.06768986514448103,0.7419631134226435,0.3873244809218091,255,245,240,1,3.6363636363636367,chardet
0.6274559636552205,0.611533493510618,0.05112387203580599,255,245,240,1,3.6363636363636367,chimera
0.216632363721766,0.23732669402451936,0.8507980671861304,255,245,240,1,3.6363636363636367,clearsilver
0.9436110698007051,0.5698888356345604,0.5428001982910391,255,245,240,1,3.6363636363636367,clee
0.8080310205591097,0.12934072883161427,0.28978770340189836,255,245,240,1,3.6363636363636367,clipartbrowser
0.4524743513945121,0.9110655098121568,0.26488862895967924,255,245,240,1,3.6363636363636367,coards
0.13561354515569696,0.32060200234709346,0.7194892916337042,255,245,240,1,3.6363636363636367,cogplanet
0.35383671518597726,0.8676247842694269,0.2463673176862028,255,245,240,1,3.6363636363636367,consensus
0.7817695236528778,0.3235941538501046,0.9182555979961265,255,245,240,1,3.6363636363636367,crablfs
0.07406528967191287,0.6893119987878348,0.7171549960801744,255,245,240,1,3.6363636363636367,dap
0.7402727460271487,0.3504111255776321,0.07001788703672157,255,245,240,1,3.6363636363636367,dap.plugins.gdal
0.7138449065270235,0.6537730019363984,0.9503679218678011,255,245,240,1,3.6363636363636367,dap.plugins.grads
0.4887261080704069,0.1594567432952806,0.9030442349107147,255,245,240,1,3.6363636363636367,dap.plugins.hdf5
0.6753647616213643,0.556453196864822,0.021604969034631515,255,245,240,1,3.6363636363636367,dap.plugins.matlab
0.5543496363464299,0.18253139415120065,0.9166327202397248,255,245,240,1,3.6363636363636367,dap.plugins.netcdf
0.44490186214220795,0.8662237087247616,0.12737683847041403,255,245,240,1,3.6363636363636367,dap.plugins.sql
0.3655454616053267,0.03141678934321867,0.34121367082987997,255,245,240,1,3.6363636363636367,dap.responses.html
0.6635801020642139,0.9325103712441364,0.6251892395753941,255,245,240,1,3.6363636363636367,dap.responses.json
0.6191658986990178,0.12798593314684942,0.8426617878852193,255,245,240,1,3.6363636363636367,dap.responses.wms
0.7712458683576455,0.13790917109338957,0.5303533101995633,255,245,240,1,3.6363636363636367,daversy
0.4143404821525949,0.6383393842161461,0.011748070391048323,255,245,240,1,3.6363636363636367,dbstore
0.43157665235514664,0.03411649764333217,0.5221491545435865,255,245,240,1,3.6363636363636367,deminaction
0.07787048240239405,0.28255830606440807,0.6428875081100516,255,245,240,1,3.6363636363636367,desktop
0.46667285916933304,0.9077613675200942,0.8331677093584965,255,245,240,1,3.6363636363636367,directio
0.4577369296795954,0.002930676794174856,0.5530684502651266,255,245,240,1,3.6363636363636367,domainmodel
0.05581824841060688,0.6707678801877622,0.35989970388924614,255,245,240,1,3.6363636363636367,dublincore
0.6938240397065685,0.7753373374546009,0.871557124584867,255,245,240,1,3.6363636363636367,eagle
0.8604478700640519,0.4859047894560535,0.12291058666106863,255,245,240,1,3.6363636363636367,eagle-gtk
0.7179606131909629,0.6924851332566209,0.06992267038257342,255,245,240,1,3.6363636363636367,eagle-maemo
0.28616713087235635,0.3060846110111595,0.07263037252498133,255,245,240,1,3.6363636363636367,easier_install
0.8348096886123354,0.11621938253945356,0.39449958697117576,255,245,240,1,3.6363636363636367,easyBay
0.2763216214411943,0.05005950950416822,0.5331095860825003,255,245,240,1,3.6363636363636367,easydeb
0.8782646918207838,0.2909596196131189,0.23875755886137745,255,245,240,1,3.6363636363636367,email
0.31413469644586584,0.1789095917502941,0.8040254194627556,255,245,240,1,3.6363636363636367,emi-ucp
0.30325118634671455,0.05759788118483835,0.3957108348533428,255,245,240,1,3.6363636363636367,empywiz
0.09028624266762916,0.18670791862808314,0.629919179443443,255,245,240,1,3.6363636363636367,emusic
0.6570415679025399,0.29478879517149564,0.9413463937344239,255,245,240,1,3.6363636363636367,engal
0.916180211382675,0.2584691914554871,0.2980478266763869,255,245,240,1,3.6363636363636367,enum
0.32065822599918314,0.06005679951735109,0.6030533484297861,255,245,240,1,3.6363636363636367,epigrass
0.9559070731948947,0.3630863424655262,0.6667878634100136,255,245,240,1,3.6363636363636367,evogrid
0.5549205188800295,0.39766774706431607,0.04035502572713922,255,245,240,1,3.6363636363636367,ewa
0.9110865595983664,0.5033183522296462,0.2727443787492134,255,245,240,1,3.6363636363636367,ez_xml
0.38335922579520165,0.8765921501506618,0.8118746098336067,255,245,240,1,3.6363636363636367,fcgiapp
0.3750934478906851,0.031969507905488706,0.525455334842452,255,245,240,1,3.6363636363636367,ffse
0.0897385579775074,0.5464477107750597,0.6405963617117119,255,245,240,1,3.6363636363636367,filelike
0.5125226749277022,0.07648888805230336,0.26064221676161325,252,201,180,1,3.6363636363636367,five.intid
0.8308555945058352,0.5896362603245241,0.1565412855445399,255,245,240,1,3.6363636363636367,fluid
0.7092487261096898,0.3800433527388755,0.9611274057387037,255,245,240,1,3.6363636363636367,fpconst
0.6994801746356463,0.9045290355427521,0.7135680628170442,255,245,240,1,3.6363636363636367,freeform
0.9619877047296781,0.3832168400883244,0.37825178469473597,255,245,240,1,3.6363636363636367,fullChart
0.805652848276823,0.6032155545066304,0.9035091091043456,255,245,240,1,3.6363636363636367,functional
0.9358800208311308,0.7042457093903692,0.649969142008885,255,245,240,1,3.6363636363636367,functools
0.4144044492651652,0.5361725072439588,0.004879003068600895,255,245,240,1,3.6363636363636367,funkload
0.16664612878096807,0.8693659368754727,0.4277884503208271,255,245,240,1,3.6363636363636367,geolocator
0.07526382512716628,0.591793206039541,0.29123824833481393,255,245,240,1,3.6363636363636367,geopy
0.2957629539257828,0.9147331497313326,0.23302529546110412,255,245,240,1,3.6363636363636367,gocept.zope3instance
0.12085231779861917,0.6539486011671537,0.17212625178859503,255,245,240,1,3.6363636363636367,greenlet
0.7193093747137991,0.08610461830321035,0.3356192480858841,255,245,240,1,3.6363636363636367,halberd
0.9943311515301694,0.4961010207072812,0.44818131668372846,255,245,240,1,3.6363636363636367,hardnote
0.5589237066079278,0.8823998776594785,0.22813126004881534,255,245,240,1,3.6363636363636367,hatom2atom
0.5096982458527013,1.0,0.51016286897516,255,245,240,1,3.6363636363636367,hexagonit.form
0.07411267129126575,0.5304114255307281,0.7552696317258949,255,245,240,1,3.6363636363636367,httpdrun
0.573378493549686,0.9745725612942118,0.3675042988628574,255,245,240,1,3.6363636363636367,httrack-py
0.932651261467814,0.7684065195929695,0.6095049335922967,255,245,240,1,3.6363636363636367,huBarcode
0.8408745132741713,0.3938744859798952,0.1257165063739409,255,245,240,1,3.6363636363636367,hurry.file
0.38218231220861576,0.9645247393279338,0.6393977817301787,255,245,240,1,3.6363636363636367,hurry.query
0.4586420274559806,0.47655974122266564,0.4000361020983387,252,201,180,1,3.6363636363636367,i18ndude
0.33777328420291847,0.20291991499531295,0.14670563100757153,255,245,240,1,3.6363636363636367,icalendar
0.5861840888321811,0.36629716132904355,0.9737106760394378,255,245,240,1,3.6363636363636367,instancemanager
0.6905074983292943,0.797922589763901,0.1268283078400043,255,245,240,1,3.6363636363636367,interval
0.5787704241345618,0.7831339699272558,0.07101889450828548,255,245,240,1,3.6363636363636367,iplib
0.9405145409111736,0.44511331453698283,0.6640803103770752,255,245,240,1,3.6363636363636367,iso8601
0.6286825680661774,0.6434907706840458,0.969320285988744,255,245,240,1,3.6363636363636367,jonpy
0.2447143918312984,0.17977888261314617,0.8654639942409031,255,245,240,1,3.6363636363636367,jsonstore
0.17388713783996312,0.22059768108909084,0.705341749746675,255,245,240,1,3.6363636363636367,jwzthreading
0.6417794805723133,0.44852698005390296,0.034730355807317655,255,245,240,1,3.6363636363636367,kforge
0.1667647635901881,0.5877120390443977,0.7925511659495709,255,245,240,1,3.6363636363636367,kid
0.5839113367537295,0.2277268078178904,0.10101510688661745,255,245,240,1,3.6363636363636367,lazytools
0.12538674178682005,0.23586896655902834,0.20555035587901693,255,245,240,1,3.6363636363636367,ldapadapter
0.9438048728795541,0.5166171497787431,0.7167271729726258,255,245,240,1,3.6363636363636367,ldappas
0.8050027338253342,0.5072239192252208,0.10851782432806956,255,245,240,1,3.6363636363636367,lib_rharris
0.6561192268199298,0.34688856392743495,0.03926627729514966,255,245,240,1,3.6363636363636367,libevent-python
0.9983237811576249,0.5454685555544596,0.5499999498436764,255,245,240,1,3.6363636363636367,libxml2dom
0.5529857508991991,0.3259908811426184,0.03255383144175379,255,245,240,1,3.6363636363636367,ll-core
0.775668951995078,0.07634617376150889,0.6598939584873013,255,245,240,1,3.6363636363636367,ll-orasql
0.8913609741850371,0.14079569265666977,0.48157181856553744,252,201,180,1,3.6363636363636367,ll-xist
0.8473773848127877,0.12927823815877407,0.7082597035466616,187,20,25,1,14.545454545454547,lxml
0.1629439480447758,0.3788000628859947,0.9003336308822832,255,245,240,1,3.6363636363636367,macholib
0.30703430737398213,0.19630889748602462,0.9020576098844842,255,245,240,1,3.6363636363636367,maharishi
0.14898852711689523,0.21476658956831388,0.8207917189014168,255,245,240,1,3.6363636363636367,matplotlib
0.0684161675402274,0.6805877851822403,0.3020268931240121,255,245,240,1,3.6363636363636367,mechanoid
0.4596934180033224,0.5278098081503195,0.9848038434063038,255,245,240,1,3.6363636363636367,medusa
0.7759709515097702,0.9150337571717254,0.6676113318751565,255,245,240,1,3.6363636363636367,memento
0.4613543480730042,0.40585731681988024,0.9881907788030874,255,245,240,1,3.6363636363636367,memojito
0.7276675031132661,0.11539186111108654,0.24151423254937068,255,245,240,1,3.6363636363636367,mglob
0.3176111069529959,0.6138006222792,0.029214244350439532,255,245,240,1,3.6363636363636367,migrate
0.1797280494869248,0.6522039782414819,0.1561769796414783,255,245,240,1,3.6363636363636367,miniconf
0.7061051408346748,0.9062069734836387,0.5683335354274037,255,245,240,1,3.6363636363636367,minixsv
0.035476437802285404,0.6080295808344676,0.6866330572774956,255,245,240,1,3.6363636363636367,mtrand
0.12296602408507941,0.1396262064176983,0.5460597568577525,255,245,240,1,3.6363636363636367,mtstat
0.42092310332203814,0.9114728627716857,0.808333634086572,255,245,240,1,3.6363636363636367,mtstat-mysql
0.44077332445663947,0.912390929137182,0.17193247344379664,255,245,240,1,3.6363636363636367,mwparser
0.5834807457399735,0.7249988277798873,0.9508700976654572,255,245,240,1,3.6363636363636367,mysql-pyrex
0.8336380734663964,0.13647610434897325,0.5364038785133239,255,245,240,1,3.6363636363636367,nattraverso
0.1826666056873903,0.16493886203452351,0.20073827954152162,255,245,240,1,3.6363636363636367,nestoria
0.1042237405165268,0.45199440053963674,0.8294764068475261,255,245,240,1,3.6363636363636367,net6mon
0.4397382617130431,0.41227465843653655,0.518052481819611,252,201,180,1,3.6363636363636367,netCDF4
0.34300522185476284,0.9469429477731632,0.40396265090614786,251,138,106,1,7.272727272727273,numpy
0.13061624400314098,0.709557487857453,0.28105794674911405,255,245,240,1,3.6363636363636367,oodoctest
0.8977291898953874,0.30712251502756105,0.8090315924524297,255,245,240,1,3.6363636363636367,ore.svn
0.752193523392903,0.570056446489303,0.10030339877779716,255,245,240,1,3.6363636363636367,ots
0.28940659102102756,0.27173700939239914,0.9099485586023406,255,245,240,1,3.6363636363636367,ownet
0.7490135964857618,0.9044216784767203,0.7404870595138785,255,245,240,1,3.6363636363636367,parallel
0.2705148055586947,0.13070719181464585,0.19182966486149594,255,245,240,1,3.6363636363636367,petsc4py
0.4321298798918591,0.7320834525617558,0.9165595666463132,255,245,240,1,3.6363636363636367,phpserialize
0.12664798988289933,0.8110145240806311,0.316594211794785,255,245,240,1,3.6363636363636367,pickleshare
0.5559836136592173,0.057609524358644124,0.29697265022653596,255,245,240,1,3.6363636363636367,pida
0.40336346156015623,0.21406831364191845,0.8789359998681364,255,245,240,1,3.6363636363636367,plush
0.9785279037063613,0.5237949944395114,0.6464113963136178,255,245,240,1,3.6363636363636367,polib
0.15505678983234936,0.1643806859439963,0.2834848514837551,255,245,240,1,3.6363636363636367,processing
0.04538952122741137,0.7070108455561824,0.6069255633981949,255,245,240,1,3.6363636363636367,progressbar
0.06996989268087768,0.7864238995162993,0.4248255314790359,255,245,240,1,3.6363636363636367,pudge
0.08061836406839644,0.34104586167575063,0.487917027180331,255,245,240,1,3.6363636363636367,pupynere
0.7923665552656252,0.20139912706085025,0.8495499722683696,255,245,240,1,3.6363636363636367,pushpage
0.07671683616060568,0.4106986447560379,0.28822277795046936,255,245,240,1,3.6363636363636367,puzzler
0.17828783333614065,0.6716164974005658,0.7833762400983049,255,245,240,1,3.6363636363636367,pxc200
0.47950445094954286,0.28119027786819595,0.9483110355709075,255,245,240,1,3.6363636363636367,py2tex
0.829850301799736,0.3645732797494463,0.8773485462361037,255,245,240,1,3.6363636363636367,pyExcelerator
0.4675888599755162,0.21489222596348523,0.8800996328120938,255,245,240,1,3.6363636363636367,pyFTN
0.2549540794451714,0.6395011906252387,0.9477876814052479,255,245,240,1,3.6363636363636367,pyIrcServer
0.543410175090768,0.8485616438974933,0.9058865706909084,255,245,240,1,3.6363636363636367,pyWebSMS
0.035297059231026426,0.5533564931223065,0.5789612907316987,255,245,240,1,3.6363636363636367,pyannodex
0.080837177693357,0.3384539195897433,0.3067367118310365,255,245,240,1,3.6363636363636367,pyastre
0.7005558496183091,0.11366105348124163,0.6977757136586494,255,245,240,1,3.6363636363636367,pyclearsilver
0.27574797454034494,0.12493480180753962,0.6864691143589807,255,245,240,1,3.6363636363636367,pycoco
0.3434866447022352,0.9558007701850159,0.48018044173114693,255,245,240,1,3.6363636363636367,pycoon
0.15905560008126235,0.8315295199544873,0.6834927220260971,255,245,240,1,3.6363636363636367,pycscope
0.21963242260056975,0.24186814470888954,0.19963751503691943,255,245,240,1,3.6363636363636367,pydirstat
0.5386290607927182,0.9525887590142582,0.4374325732208179,255,245,240,1,3.6363636363636367,pyenchant
0.477370376580351,0.953343968196582,0.24018679968501114,255,245,240,1,3.6363636363636367,pyepoll
0.1502943835167124,0.7684802655785538,0.7618245759742697,255,245,240,1,3.6363636363636367,pyfo
0.7621211535037397,0.6587947134998834,0.15114318046144742,255,245,240,1,3.6363636363636367,pygenx
0.8798220464951054,0.7628150381835258,0.7710756615043497,255,245,240,1,3.6363636363636367,pygoogle
0.672146270423761,0.08798027265178533,0.26189019340296255,255,245,240,1,3.6363636363636367,pygpgme
0.6000166740589398,0.9457338701004702,0.7266472803405519,255,245,240,1,3.6363636363636367,pygpx
0.21754421048870895,0.4631584980884206,0.07436219608954564,255,245,240,1,3.6363636363636367,pyhjb
0.16719094888958227,0.886373213754435,0.6731595537282052,255,245,240,1,3.6363636363636367,pyipc
0.8917468819405177,0.8222297136536253,0.5411432333803943,255,245,240,1,3.6363636363636367,pylzma
0.5505228538215229,0.12166343259362258,0.2016924361914936,255,245,240,1,3.6363636363636367,pymage
0.3462930532486601,0.33044384782664865,0.9515127002927408,255,245,240,1,3.6363636363636367,pynakotheka
0.35696069208163117,0.5381262762147256,0.9702777199284768,255,245,240,1,3.6363636363636367,pyndexter
0.8611159220086823,0.1852104234791288,0.6015048429819992,255,245,240,1,3.6363636363636367,pyoai
0.42676039214729755,0.029852537265856318,0.6472179963792898,255,245,240,1,3.6363636363636367,pypostbank
0.531788801236852,0.38131457454405365,0.9683535541760331,255,245,240,1,3.6363636363636367,pyprocps
0.06841381221939352,0.7524161250632565,0.5148031646880017,255,245,240,1,3.6363636363636367,pyproj
0.2944898847349828,0.4713631176857347,0.029057914985717186,255,245,240,1,3.6363636363636367,pyspf
0.9307871858620744,0.6030962378447802,0.21389420593689523,255,245,240,1,3.6363636363636367,pysugar
0.574151087992975,0.014499825308390765,0.6477719685395683,255,245,240,1,3.6363636363636367,pytaskplan
0.9765716523721631,0.46509844938423894,0.48665204766545,255,245,240,1,3.6363636363636367,python-cjson
0.2811093880231523,0.8192100770363104,0.1691205671639979,255,245,240,1,3.6363636363636367,python-fastcgi
0.3505471151662498,0.25621994901787715,0.06482689933193331,255,245,240,1,3.6363636363636367,python-pgsql
0.6448723603073646,0.15051215866521314,0.16243951592013242,255,245,240,1,3.6363636363636367,python-wifi
0.8936419118281831,0.15915649405872295,0.5473682739685489,255,245,240,1,3.6363636363636367,pytils
0.705144938370512,0.5137956466235168,0.04221780753203232,255,245,240,1,3.6363636363636367,pytnef
0.07262314692673122,0.7182883508649383,0.5734273968481343,255,245,240,1,3.6363636363636367,pywfdb
0.7082975842981476,0.11165160130159593,0.8180332382711184,255,245,240,1,3.6363636363636367,pywilima
0.9299284510441668,0.6339198521264402,0.34509910894756707,255,245,240,1,3.6363636363636367,pywinauto
0.9353440728497201,0.2448671716283171,0.4079953566372504,255,245,240,1,3.6363636363636367,pyxsd
0.9464247923387774,0.6087054350406588,0.30332194981632454,255,245,240,1,3.6363636363636367,qct
0.7842317883593309,0.8400902488057553,0.7862708735607785,255,245,240,1,3.6363636363636367,qp
0.2803657046513579,0.9121240711733063,0.5865634143089794,255,245,240,1,3.6363636363636367,qpy
0.4546805927766083,0.5558285817272127,0.04251974946188736,255,245,240,1,3.6363636363636367,qrypto
0.01575204693697551,0.38441602987218343,0.6107672858592557,255,245,240,1,3.6363636363636367,qtxmldom
0.776741043732007,0.8543615842123349,0.2043317635140842,255,245,240,1,3.6363636363636367,raze
0.14475006440354773,0.11242274022645629,0.45009305077113737,255,245,240,1,3.6363636363636367,rdfadict
0.7139653131741095,0.49405688521641367,0.9615738699039124,255,245,240,1,3.6363636363636367,readline
0.12395252044997915,0.20375280151598132,0.764537511946258,255,245,240,1,3.6363636363636367,reflex
0.4053481493233101,0.9229509284501368,0.69439643227465,255,245,240,1,3.6363636363636367,registration
0.8721710408661567,0.8730245789396431,0.5926575645683743,255,245,240,1,3.6363636363636367,remote-microscope
0.23348333538814736,0.0732251583629462,0.351738374865471,255,245,240,1,3.6363636363636367,resolver
0.12934930796950245,0.1912326433366265,0.5146713517239468,255,245,240,1,3.6363636363636367,restresource
0.09158548162336287,0.8083178794139778,0.6458581504776235,255,245,240,1,3.6363636363636367,rhizome
0.5488860490523773,0.4976350126379362,0.0,255,245,240,1,3.6363636363636367,rlcompleter2
0.8236264719781848,0.7093798594544715,0.8610187095617019,255,245,240,1,3.6363636363636367,roundup
0.2950100857019911,0.7450943904003126,0.875812753480277,255,245,240,1,3.6363636363636367,ruby2shoes
0.21213301149968322,0.7553417446273977,0.8642490558783664,255,245,240,1,3.6363636363636367,rwpopen
0.4144968099111659,0.08253804278107404,0.300829512378216,252,201,180,1,3.6363636363636367,sAsync
0.8902366925243895,0.4005264841693723,0.21898908581384594,255,245,240,1,3.6363636363636367,screencastwriter
0.5366279725968092,0.21524403928016086,0.8694606553837582,255,245,240,1,3.6363636363636367,scribe
0.47626016448660063,0.4704999988416095,0.023791467767780714,255,245,240,1,3.6363636363636367,selector
0.7403450805714069,0.24226637664976014,0.11090026401308352,103,0,12,1,40.0,setuptools
0.7746821691332159,0.16911834211680868,0.18936553036221448,255,245,240,1,3.6363636363636367,shakespeare
0.7121896412428088,0.1909334013262385,0.14453225954444748,255,245,240,1,3.6363636363636367,shrubbery
0.2970179472543294,0.05535790540776761,0.658154622805152,255,245,240,1,3.6363636363636367,simpleQL
0.39299796352357796,0.23023162275789688,0.13419360804510558,255,245,240,1,3.6363636363636367,simple_json
0.4627273498117337,0.6560525640146182,0.9717993009933512,255,245,240,1,3.6363636363636367,simplegeneric
0.6587811396306824,0.1720203382430082,0.8344205180395868,255,245,240,1,3.6363636363636367,simplejson
0.6163147496933598,0.8451208487971646,0.8689106571994256,255,245,240,1,3.6363636363636367,simpleweb
0.3129721692588136,0.5490183229401966,0.025985487402991923,255,245,240,1,3.6363636363636367,skel
0.25807217785733555,0.8472971265168943,0.1674621814710358,255,245,240,1,3.6363636363636367,slow
0.9274624145915222,0.5030796778636307,0.3537454954255134,255,245,240,1,3.6363636363636367,snap
0.7541238047528186,0.8236881255302206,0.7819392253921088,255,245,240,1,3.6363636363636367,spark
0.8446336177047921,0.12919010690667754,0.4623454323591126,255,245,240,1,3.6363636363636367,spasmoidal
0.17446522126770467,0.13107976572842142,0.5993461728990244,255,245,240,1,3.6363636363636367,splicetee
0.08096496957715495,0.36285525990737005,0.726650315486029,255,245,240,1,3.6363636363636367,spoonrpc
0.591546651505406,0.7746573390663748,0.09791314264266798,255,245,240,1,3.6363636363636367,sprinkles
0.06950183155226668,0.43975643144549725,0.21648388522045311,255,245,240,1,3.6363636363636367,sqlcc
0.12756243366741768,0.6848670837702218,0.22426579791070678,255,245,240,1,3.6363636363636367,sqltriples
0.6322937853663906,0.24731274139529952,0.9420293180336202,255,245,240,1,3.6363636363636367,static
0.2254005239859405,0.697050023899487,0.09154152647112336,255,245,240,1,3.6363636363636367,subzilla
0.802423991675864,0.4516242726819875,0.912198241113226,255,245,240,1,3.6363636363636367,surely
0.8704656649239749,0.628845130373749,0.13170179464322535,255,245,240,1,3.6363636363636367,svnchecker
0.42532719508141,0.35549511996913996,0.07110992403939931,255,245,240,1,3.6363636363636367,svnmock
0.6170416678272582,0.037009354422967614,0.6266635326790237,255,245,240,1,3.6363636363636367,svnrepo
0.3461287380750901,0.8752953540586823,0.15301781519098287,255,245,240,1,3.6363636363636367,swiginac
0.13483988022694837,0.44931554219304926,0.11859605999735567,255,245,240,1,3.6363636363636367,t616hack
0.9099608344211708,0.5445661101247331,0.18427992605735494,255,245,240,1,3.6363636363636367,tagger
0.1012721201607565,0.3035705082372256,0.7601343492658741,255,245,240,1,3.6363636363636367,textile
0.9424090895541356,0.44483378980426147,0.7319315845797001,255,245,240,1,3.6363636363636367,tg2exe
0.049049204349293135,0.40270273583557825,0.5496093471286373,255,245,240,1,3.6363636363636367,tgcrud
0.4177864195763298,0.09795911717452657,0.8473665865940826,255,245,240,1,3.6363636363636367,tgmigrate
0.07421150243623692,0.5384373362620555,0.30551924709054196,255,245,240,1,3.6363636363636367,tgquotes
0.9241672077475351,0.7728933221773064,0.3498118869582113,255,245,240,1,3.6363636363636367,thredds
0.5564632486686505,0.6504865326648421,0.03437940010776133,255,245,240,1,3.6363636363636367,tl.googlepagerank
0.39511802146195846,0.40794011646674355,0.9807288124838767,255,245,240,1,3.6363636363636367,trace2html
0.4645140866850147,0.15912579884108394,0.0967828364025609,255,245,240,1,3.6363636363636367,tramline
0.11479575920375558,0.32652559935842507,0.164270746903085,255,245,240,1,3.6363636363636367,treemap
0.2812996910059969,0.36472519622915794,0.9330561086395381,255,245,240,1,3.6363636363636367,typecheck
0.5272777674582269,0.013948938615833068,0.5123651853167864,255,245,240,1,3.6363636363636367,userschema
0.24685777127987066,0.895398044019814,0.40249267332744565,255,245,240,1,3.6363636363636367,visionegg
0.5827167289496167,0.03460956545582121,0.49613535246149226,255,245,240,1,3.6363636363636367,vobject
0.11243556433392529,0.14112440366444096,0.4003614274165096,255,245,240,1,3.6363636363636367,wc.cookiecredentials
0.7025683249814781,0.7253923194501003,0.9357299452683728,255,245,240,1,3.6363636363636367,wc.textpage
0.2231837137066268,0.586866659834633,0.9188857766232023,255,245,240,1,3.6363636363636367,wc.worldcookeryskin
0.029003740577534253,0.6243512905445807,0.4558816853110014,255,245,240,1,3.6363636363636367,webskine
0.6182158298163272,0.05212977640688021,0.28788249323485243,255,245,240,1,3.6363636363636367,webstring
0.6506409532041182,0.0329787877161639,0.42612719079303063,255,245,240,1,3.6363636363636367,wicked
0.36310077898686766,0.5993644258958709,0.9781974642264991,255,245,240,1,3.6363636363636367,workspace
0.002380557261136137,0.5289583316279565,0.5558043017491088,255,245,240,1,3.6363636363636367,workspace.plugins.gvim
0.16718442863873098,0.11506616077140226,0.6822517395715852,255,245,240,1,3.6363636363636367,worldcookery
0.2960753541811362,0.17459446381690483,0.13941733190680106,255,245,240,1,3.6363636363636367,wsgiakismet
0.11823945307561776,0.36781762677514607,0.21961680863575694,255,245,240,1,3.6363636363636367,wsgiauth
0.7900512409737506,0.3854093239827957,0.16801106134257032,255,245,240,1,3.6363636363636367,wsgiform
0.9366172681051633,0.34204851712530393,0.5669467707137937,255,245,240,1,3.6363636363636367,wsgigzip
0.7701512516942387,0.1287325992882184,0.7350537375066895,255,245,240,1,3.6363636363636367,wsgiref
0.27032128250622045,0.7514929807180082,0.9185107540876553,255,245,240,1,3.6363636363636367,wsgiserialize
0.6885159541719381,0.21397885110628884,0.8850165097775363,255,245,240,1,3.6363636363636367,wsgiview
0.020251515946424707,0.4777831882987449,0.4105212896838351,255,245,240,1,3.6363636363636367,wsgixml
0.7941283732815144,0.8612508300758955,0.3000540907803296,255,245,240,1,3.6363636363636367,wsgize
0.06476884653017721,0.24030478662576865,0.5627658886875059,255,245,240,1,3.6363636363636367,wxOptParse
0.5004402288773269,0.592323110788388,0.9362331530074778,255,245,240,1,3.6363636363636367,wxdebug
0.4321947769073872,0.06638531598390018,0.7105414666310861,255,245,240,1,3.6363636363636367,xattr
0.884579956607803,0.715806074076281,0.7465835278305605,255,245,240,1,3.6363636363636367,xix-utils
0.038275570850278745,0.39664090076880903,0.38684824665975487,255,245,240,1,3.6363636363636367,xlrd
0.2193298168704989,0.46918554443196814,0.9220845832929908,255,245,240,1,3.6363636363636367,xml2ddl
0.7941263540350063,0.33537562688389366,0.14302574925615338,255,245,240,1,3.6363636363636367,xmlmodel
0.38807420899629624,0.14903248489227083,0.8903646288719781,255,245,240,1,3.6363636363636367,yaro
0.8850332121186598,0.8481385534957819,0.6620286896479578,255,245,240,1,3.6363636363636367,yaxl
0.41336622721509825,0.9546366050423168,0.72427769707523,255,245,240,1,3.6363636363636367,yolk
0.8865364378898292,0.3783015913166665,0.4639344230049621,251,138,106,1,7.272727272727273,z3c.etestbrowser
0.7462916002077447,0.05116786861252264,0.3805537581923701,255,245,240,1,3.6363636363636367,z3c.pluggabletemplates
0.48270806254730764,0.6554368654373491,0.1583452043467704,252,201,180,1,3.6363636363636367,zc.catalog
0.1258694026595846,0.6042303143506342,0.8294387054239147,255,245,240,1,3.6363636363636367,zc.copy
0.7604250223257168,0.5664139860139121,0.9415346479622779,255,245,240,1,3.6363636363636367,zc.displayname
0.736195703265019,0.9617013192485047,0.5279423956248873,255,245,240,1,3.6363636363636367,zc.freeze
0.649919564583557,0.682118392859483,0.12425376619638376,252,201,180,1,3.6363636363636367,zc.queue
0.3440011541371919,0.5609368793762367,0.5363972808877107,252,201,180,1,3.6363636363636367,zc.recipe.cmmi
0.5114495055292023,0.6908874245595766,0.9716046854231813,255,245,240,1,3.6363636363636367,zc.recipe.icu
0.06885773406627449,0.7669377987297251,0.6252184471283296,255,245,240,1,3.6363636363636367,zc.recipe.zope3checkout
0.9307720206314164,0.29903765021737444,0.3750748979146524,255,245,240,1,3.6363636363636367,zc.recipe.zope3instance
0.7506494718190125,0.6134361115786503,0.4929751143820154,251,138,106,1,7.272727272727273,zc.relationship
0.4415722967080422,0.5492976455535948,0.10346217711574682,252,201,180,1,3.6363636363636367,zc.resourcelibrary
0.9328255094513516,0.43059176851821507,0.2053578173082538,255,245,240,1,3.6363636363636367,zc.rst2
0.42169488003277517,0.9503800689900179,0.5219720201701261,255,245,240,1,3.6363636363636367,zc.shortcut
0.2674503922052659,0.9120453397054961,0.697651914983184,255,245,240,1,3.6363636363636367,zope.bforest
0.19195967869275127,0.8819355771844851,0.575201405382713,255,245,240,1,3.6363636363636367,zope.paste
0.7698958487938875,0.6516694040791801,0.5553751994175158,251,138,106,1,7.272727272727273,zope.testing
0.8373871542415183,0.22468456660536476,0.7112469326101887,255,245,240,1,3.6363636363636367,zope.testrecorder
0.025625040503455838,0.3137461956282943,0.5328229219458535,255,245,240,1,3.6363636363636367,zope.ucol
0.6712546675083325,0.8265710095330561,0.8892488082645078,255,245,240,1,3.6363636363636367,zpkg
