0.19267801741852433,0.5952638297945487,0.11404791538150341,255,245,240,1,7.6923076923076925,AuthServerClient
0.8080170781653208,0.592613290308323,0.8751183671371782,255,245,240,1,7.6923076923076925,BinTools
0.18361660523594914,0.3668212759359763,0.0956600957855019,255,245,240,1,7.6923076923076925,Bravo
0.5697424204957059,0.9848201034165396,0.3919524486677328,255,245,240,1,7.6923076923076925,CSVSee
0.9347703199145319,0.7050364814435258,0.613167301283899,255,245,240,1,7.6923076923076925,CompleteGenomicsTools
0.4594301521454202,0.5516633122942249,0.03218025343875312,255,245,240,1,7.6923076923076925,ConflictsOptionParser
0.5834948361213248,0.47829015670403263,0.9955818255397313,255,245,240,1,7.6923076923076925,ConvUtils
0.7859798298024809,0.6247760509604146,0.08728498293904405,254,228,216,1,7.6923076923076925,Cython
0.20861103465226577,0.8717281839822636,0.7268434173412187,252,201,180,1,15.384615384615385,Django
0.05134753918452931,0.6854117402850091,0.46029596312812,255,245,240,1,7.6923076923076925,DjangoDE
0.8094909675983246,0.1547100913267741,0.29071344333679583,254,228,216,1,7.6923076923076925,Flask
0.566260747266182,0.40598782765477764,0.45871309733952315,241,68,49,1,46.15384615384615,Flask-Gravatar
0.7304485642478746,0.1310933674623694,0.3259226226164005,255,245,240,1,7.6923076923076925,Flask-YAMLConfig
0.5099056276635064,0.09116823120796588,0.17058390306234925,255,245,240,1,7.6923076923076925,FrogstarB
0.7045698435634777,0.1408411674492601,0.16132184834191787,255,245,240,1,7.6923076923076925,GRavatar-Library
0.8653148805749179,0.24681551961389128,0.24038913332705275,255,245,240,1,7.6923076923076925,GoldenRatio
0.5668115419211355,0.5813229174350376,0.2801494290207209,252,201,180,1,15.384615384615385,GridDataFormats
0.26456778440805695,0.5481961991685642,0.9476672210507717,255,245,240,1,7.6923076923076925,Grillo
0.3375407197466424,0.6303264348225678,0.06873308645215602,255,245,240,1,7.6923076923076925,Grinder-Webtest
0.9123586272851001,0.49988138288850853,0.8175739356187053,255,245,240,1,7.6923076923076925,HiCore
0.670300977130572,0.8641271306786598,0.7865971141789138,255,245,240,1,7.6923076923076925,Impromptu
0.7741505660045679,0.22468943546173764,0.770779157370116,255,245,240,1,7.6923076923076925,MakeItSo
0.42420544894741263,0.24538048153305417,0.9355714701524661,255,245,240,1,7.6923076923076925,MegamanicEdit
0.022583111097087962,0.5254560122164966,0.4895121221771088,255,245,240,1,7.6923076923076925,NativeImaging
0.5568228670339361,0.40843605307635,0.0,255,245,240,1,7.6923076923076925,NoseGoat
0.17663215619569342,0.8366005899150674,0.527381234543883,255,245,240,1,7.6923076923076925,Overseer
0.35586244229655195,0.028287561353914862,0.5310188760837118,255,245,240,1,7.6923076923076925,Peon
0.9612460640277926,0.5745934070096548,0.6192895030605737,254,228,216,1,7.6923076923076925,Pillow
0.5359475060189749,0.004792003452389192,0.5467047419274086,254,228,216,1,7.6923076923076925,Products.AdvancedQuery
0.16950180593125017,0.79785544548847,0.8309992979304786,255,245,240,1,7.6923076923076925,Products.BastionBanking
0.3719782861344189,0.43566318302773466,0.5811939097116214,251,106,74,1,38.46153846153847,Products.BastionLedger
0.9358281741030845,0.2937375768847313,0.3069962216693984,255,245,240,1,7.6923076923076925,Products.BastionZenoss
0.8673060007239982,0.7691716132109337,0.7164253978516111,255,245,240,1,7.6923076923076925,Products.Faq
0.6600834453340738,0.18488838550715614,0.09816113517492399,255,245,240,1,7.6923076923076925,Products.HSCustom
0.3707053786605393,0.04964648506265132,0.6219283788813238,254,228,216,1,7.6923076923076925,Products.ManagableIndex
0.6163606699940113,0.8925162860363283,0.8371984021219123,255,245,240,1,7.6923076923076925,Products.PFGSelectionStringField
0.09974657360829507,0.5944104890658016,0.2511885487838516,255,245,240,1,7.6923076923076925,Products.PFGVerkkomaksut
0.09209397003326636,0.5194671017372241,0.30023284111220677,255,245,240,1,7.6923076923076925,Products.UnicodeLexicon
0.39949224327503785,0.904043762192909,0.2555896696683188,255,245,240,1,7.6923076923076925,Products.ZScheduler
0.9633205413010761,0.4141227235435413,0.6740114878881935,255,245,240,1,7.6923076923076925,Products.Zpydoc
0.6126677143207099,0.9746929372273393,0.5875010069980806,255,245,240,1,7.6923076923076925,PySimpleSOAP
0.5784245898214666,0.09146160185311321,0.6906165306367088,255,245,240,1,7.6923076923076925,RssLib
0.41345622047113406,0.18703338269613734,0.13827671756298962,252,201,180,1,15.384615384615385,SQLAlchemy
0.5521081985712364,0.7302781075889662,0.036913760659544236,255,245,240,1,7.6923076923076925,ScrapyMongoDB
0.9094417968714822,0.6804210664490854,0.3907275228991155,255,245,240,1,7.6923076923076925,Sharpy
0.394546210772028,0.0,0.4022022648607814,255,245,240,1,7.6923076923076925,SimpleHist
0.8635538614234758,0.3964214679454868,0.8640539441626468,255,245,240,1,7.6923076923076925,Solgema.blinks
0.27771293872500086,0.029966137583520697,0.4607374717065921,251,106,74,1,38.46153846153847,Sphinx
0.8341330240556619,0.5171841848005799,0.11053531996368458,255,245,240,1,7.6923076923076925,TecUtils
0.8050048413904938,0.0769339375440181,0.4095571568441904,255,245,240,1,7.6923076923076925,TornadIO
0.44402523590478443,0.948178867575629,0.7534285980539297,255,245,240,1,7.6923076923076925,Wave
0.653357513989549,0.9609441157114652,0.5086839753095345,254,228,216,1,7.6923076923076925,WebOb
0.7047533487134223,0.5441464661630795,0.9535975413046057,255,245,240,1,7.6923076923076925,WhoisClient
0.8129416348297771,0.8282086515276065,0.7897299539779722,255,245,240,1,7.6923076923076925,Ygrep
0.8149805755513617,0.1145719446894277,0.7150580936163485,255,245,240,1,7.6923076923076925,ZenPacks.oie.KannelMonitor
0.7696269460794092,0.932245427798156,0.60153174743062,255,245,240,1,7.6923076923076925,Zorro
0.9599753079647986,0.6398970908205016,0.5763363777634316,255,245,240,1,7.6923076923076925,adminlettuce
0.5269477477325083,0.9722244452155543,0.6587222204365312,255,245,240,1,7.6923076923076925,adventure
0.46465116652411576,0.9862388384242232,0.6090378895711203,255,245,240,1,7.6923076923076925,allegrordf
0.1667766633682177,0.15698006575399054,0.8113914530737389,255,245,240,1,7.6923076923076925,amalgam
0.818799816236721,0.15185800601937863,0.6885696532827704,255,245,240,1,7.6923076923076925,anikom15
0.6226289202211234,0.3530973774966409,0.9736390610967531,254,228,216,1,7.6923076923076925,archetypes.referencebrowserwidget
0.4590552008319329,0.16810908984447,0.12016483285964125,255,245,240,1,7.6923076923076925,asm.cmsui
0.9268125868427876,0.3064861780806146,0.40466530556582286,255,245,240,1,7.6923076923076925,astkit
0.2407223863711693,0.6312740618209884,0.8289199568327209,255,245,240,1,7.6923076923076925,authentic2
0.8808381553557926,0.551602764551027,0.22214767298376414,255,245,240,1,7.6923076923076925,authenticity
0.19379073015676546,0.09833394305065285,0.4040999074366603,255,245,240,1,7.6923076923076925,automain
0.9795881123494079,0.3695651072342016,0.4572250589521786,255,245,240,1,7.6923076923076925,autopep8
0.3160628611893933,0.10668625539602591,0.18090183125384213,255,245,240,1,7.6923076923076925,bjsonrpc
0.4107488881613503,0.6027038646883018,0.5784353977848959,217,37,34,1,53.84615384615385,blockdiag
0.11776398708796115,0.455353008916504,0.8786335276365829,255,245,240,1,7.6923076923076925,bottle-servefiles
0.7325580628408639,0.8221886802990117,0.2075575934051455,255,245,240,1,7.6923076923076925,btree
0.48790860730613245,0.02790750575436503,0.346358261843046,255,245,240,1,7.6923076923076925,buildboticon
0.6825983197357552,0.8981733915647727,0.22259595769534282,255,245,240,1,7.6923076923076925,buildout.removeaddledeggs
0.30352383581465164,0.9339193372129573,0.5854440428251507,255,245,240,1,7.6923076923076925,buzz-python-client
0.053218295727061,0.5338902258305277,0.7597040421841752,255,245,240,1,7.6923076923076925,campaign-monitor-api
0.5553745112957378,0.33625527635038727,0.03782459133141162,255,245,240,1,7.6923076923076925,cciaa.portlet.calendar
0.812073666761311,0.08614882463337924,0.562692451316684,255,245,240,1,7.6923076923076925,checkit
0.559276866859803,0.041359899824999234,0.7607207212712833,255,245,240,1,7.6923076923076925,ckanext
0.3186958391493009,0.8704474250453137,0.7701995804509192,255,245,240,1,7.6923076923076925,ckanext-dataapi
0.24397463492470167,0.8413577980619774,0.8333092856620636,255,245,240,1,7.6923076923076925,ckanext-dgu
0.26092806200181085,0.47898429325789343,0.06380939313352205,255,245,240,1,7.6923076923076925,ckanext-storage
0.6718162381799196,0.9274502902507383,0.29136472176926514,255,245,240,1,7.6923076923076925,cloud-scheduler
0.5128655799571022,0.2122691224952897,0.12344493335253881,255,245,240,1,7.6923076923076925,collective.ATClamAV
0.5763373538783393,0.6195384832642647,0.9602581173469217,255,245,240,1,7.6923076923076925,collective.collage.maps
0.5556875966498064,0.576079933053836,0.0034507570021184344,255,245,240,1,7.6923076923076925,collective.collage.plonetruegallery
0.8700230275272285,0.5708705035960971,0.16657461009635144,255,245,240,1,7.6923076923076925,collective.datehacker
0.567531514243106,0.17505077902251776,0.880928912572983,255,245,240,1,7.6923076923076925,collective.easyslideshow
0.8825654554734698,0.5442651563682565,0.7416762575511088,255,245,240,1,7.6923076923076925,collective.flexitopic
0.9398818234984756,0.4384777360901986,0.5993465424677605,255,245,240,1,7.6923076923076925,collective.flowplayercaptions
0.8746647498554877,0.47199750720869577,0.8793584093435062,255,245,240,1,7.6923076923076925,collective.js.galleriffic
0.7755231024239674,0.15531336893368208,0.80382285304165,255,245,240,1,7.6923076923076925,collective.megaphonecicerolookup
0.8311575352541373,0.2751518046993737,0.1928205744795506,255,245,240,1,7.6923076923076925,collective.miscbehaviors
0.0446593397204834,0.6890376060074305,0.619398617970708,255,245,240,1,7.6923076923076925,collective.piwik.core
0.9215710773292409,0.5551722734049485,0.7627692262864401,255,245,240,1,7.6923076923076925,collective.portlet.contentleadimage
0.2978227257531211,0.9326029055528683,0.3769082770314015,254,228,216,1,7.6923076923076925,collective.quickupload
0.7119021654675233,0.47178160604552244,0.06253702053215023,255,245,240,1,7.6923076923076925,collective.seeder
0.7622979556658493,0.5775105483563863,0.9225873666659873,255,245,240,1,7.6923076923076925,collective.smartkeywordmanager
0.08696775657092833,0.1768225656793432,0.6215922407949185,255,245,240,1,7.6923076923076925,collective.stickyitem
0.760833357454709,0.8695229304153946,0.7382040312031928,255,245,240,1,7.6923076923076925,cony
0.13933521769620813,0.7566975361868705,0.279238879172668,252,201,180,1,15.384615384615385,coverage
0.5715674307749485,0.8746939605834677,0.8138323122260986,255,245,240,1,7.6923076923076925,crc16
0.763280721741499,0.8809467851307238,0.35596451549698077,254,228,216,1,7.6923076923076925,cryptacular
0.8020776912257115,0.2672921931996538,0.8938197358857433,255,245,240,1,7.6923076923076925,css_crawler
0.5302869662970262,0.2629607354533889,0.9731656348670401,254,228,216,1,7.6923076923076925,cssmin
0.20592655210916858,0.410202436175195,0.8991501765181769,255,245,240,1,7.6923076923076925,cubicweb-i18ncontent
0.8148919697541608,0.8346125696494565,0.5956556611904114,255,245,240,1,7.6923076923076925,cushion
0.6922731676391337,0.27557221543293503,0.4275314617710884,252,201,180,1,15.384615384615385,cutadapt
0.9643042129854985,0.29847644095914216,0.4794058859814431,255,245,240,1,7.6923076923076925,cymru-services
0.5155901961965856,0.43728289180212426,0.9954598717039056,255,245,240,1,7.6923076923076925,darts.util.lru
0.32433333941589393,0.9418577698340412,0.7181300932486733,255,245,240,1,7.6923076923076925,datadog-google-openid
0.8299781971189142,0.8817252631631853,0.38547549681557075,255,245,240,1,7.6923076923076925,dataproxy
0.2239413399081589,0.23698432365713312,0.9029695330614326,255,245,240,1,7.6923076923076925,datautil
0.29646217650395534,0.3359754589022437,0.10132811181839589,255,245,240,1,7.6923076923076925,django-4store
0.9551767815212154,0.5179449076857734,0.632972821317478,255,245,240,1,7.6923076923076925,django-ajaxerrors
0.7788344180962936,0.13661513012324014,0.4388228571803789,255,245,240,1,7.6923076923076925,django-analytical
0.3406074609955257,0.9023008381204496,0.1968642293563193,255,245,240,1,7.6923076923076925,django-autoreports
0.8211779801868387,0.7886815914075294,0.8428316573097165,255,245,240,1,7.6923076923076925,django-banklink
0.1894990256867949,0.8870134251997469,0.664234902136854,255,245,240,1,7.6923076923076925,django-cache-sweeper
0.7452011349274558,0.9201574498311864,0.3078951249319572,255,245,240,1,7.6923076923076925,django-clean
0.6389438618479201,0.01861782086405301,0.4242658065611714,255,245,240,1,7.6923076923076925,django-clicky
0.12783050832853757,0.4160104901552257,0.6586995107637746,254,228,216,1,7.6923076923076925,django-colorful
0.8549158152015824,0.12452155447276798,0.4469806845569972,255,245,240,1,7.6923076923076925,django-comments-rss
0.6926374026923973,0.4390259363724092,0.24842499841271215,254,228,216,1,7.6923076923076925,django-constance
0.24276005698890643,0.16780085630864428,0.16668948819471627,255,245,240,1,7.6923076923076925,django-crazyegg
0.000935232649612281,0.4231932877438412,0.5044042462521376,255,245,240,1,7.6923076923076925,django-cronjobs
0.3562553186609922,0.3144863786524848,0.49058022724345896,254,228,216,1,7.6923076923076925,django-dirtyfields
0.27349089107462804,0.29969720368885383,0.8896397085978331,255,245,240,1,7.6923076923076925,django-fabtastic
0.7142134835031096,0.951814985107517,0.425420802380638,255,245,240,1,7.6923076923076925,django-follow
0.8635794668536629,0.7442665615378672,0.6388614688307657,255,245,240,1,7.6923076923076925,django-gwo
0.2584021490690961,0.8549651455778273,0.2856140305500276,255,245,240,1,7.6923076923076925,django-helpdesk
0.43277016827090986,0.019260026902900795,0.7117853360344989,255,245,240,1,7.6923076923076925,django-historicalrecords
0.5294431242824889,0.12986113703734029,0.9038109241320359,255,245,240,1,7.6923076923076925,django-ichypd
0.2731095713207866,0.4148311274451733,0.9258764429243692,255,245,240,1,7.6923076923076925,django-impersonate
0.047021436184744046,0.24949576865113982,0.5112166775475857,255,245,240,1,7.6923076923076925,django-janitor
0.13418055319205702,0.1919618071498754,0.5578276790375799,255,245,240,1,7.6923076923076925,django-mollom
0.1775945177147861,0.7068714134863651,0.8611132747033292,255,245,240,1,7.6923076923076925,django-mongodb-engine
0.5566268785700981,0.8582796917179047,0.17497878673006476,255,245,240,1,7.6923076923076925,django-multiforloop
0.3502347762507561,0.14888744721250527,0.8398967155096541,255,245,240,1,7.6923076923076925,django-netauth
0.5367693332813485,0.021317758825360644,0.6540163218518744,255,245,240,1,7.6923076923076925,django-nginx-ssi
0.039507274146194836,0.6096685236220969,0.3583081903118513,255,245,240,1,7.6923076923076925,django-oot
0.2495455838064009,0.08905963557344797,0.2620859857081859,255,245,240,1,7.6923076923076925,django-panorama
0.13500226964911222,0.4408547063597725,0.11996007507305527,254,228,216,1,7.6923076923076925,django-picklefield
0.3681982010597708,0.8241108696718016,0.15877270855956838,255,245,240,1,7.6923076923076925,django-plugins
0.6150649708207441,0.8715292375073957,0.12336684855173276,255,245,240,1,7.6923076923076925,django-restricted-resource
0.24450386775725583,0.13568736503971623,0.5238734535833459,255,245,240,1,7.6923076923076925,django-slow-log
0.34292425713112135,0.10717213359200543,0.21866896786788134,255,245,240,1,7.6923076923076925,django-smart-extends
0.23501616844307383,0.756333155013918,0.8810928249085832,255,245,240,1,7.6923076923076925,django-social-auth
0.9264936766290489,0.6065664501067686,0.3050365717038151,255,245,240,1,7.6923076923076925,django-stream
0.13382067990885205,0.316518050435077,0.24857652998132956,255,245,240,1,7.6923076923076925,django-testscenarios
0.8496127282660852,0.6998346826964374,0.13175934395065525,255,245,240,1,7.6923076923076925,django-twittersync-oauth
0.9084724305495033,0.7713239545917571,0.28360312233488993,255,245,240,1,7.6923076923076925,django-url-imaging
0.512376834135887,0.22748562899593958,0.05552007274903311,255,245,240,1,7.6923076923076925,django-userswitch
0.41406126437766466,0.26569286671899794,0.06298764990744227,255,245,240,1,7.6923076923076925,django-valuate
0.6292191297965756,0.9403452330747929,0.7081911671093233,255,245,240,1,7.6923076923076925,django-waffle
0.3675645782793397,0.41967489891650045,0.9775884519475673,255,245,240,1,7.6923076923076925,django-widget-tweaks
0.1683128519735929,0.5407237560797498,0.9086809802692443,255,245,240,1,7.6923076923076925,django_concurrent_test_server
0.31728657142917477,0.6550915675862867,0.9460511202773225,255,245,240,1,7.6923076923076925,django_openid_provider
0.9621576719350717,0.4962697898259355,0.5079726822691916,255,245,240,1,7.6923076923076925,djeneralize
0.7086918526041116,0.6388090693215692,0.07223029382349976,255,245,240,1,7.6923076923076925,djlanding
0.42175799771533157,0.4267929446708812,0.9996407072786234,255,245,240,1,7.6923076923076925,dolmen.security.policies
0.5110060658963202,0.9811240303461295,0.4472425643685413,255,245,240,1,7.6923076923076925,dolmenproject
0.9424347945962609,0.25024642919963813,0.40043731106199043,255,245,240,1,7.6923076923076925,dotbox
0.35287906294022847,0.052282086327206025,0.760979296115832,255,245,240,1,7.6923076923076925,elffile
0.6473660221624443,0.49889062738597073,0.9922049427934744,255,245,240,1,7.6923076923076925,enslyon.existda
0.17506864983838896,0.4593671956774823,0.8963510098155996,255,245,240,1,7.6923076923076925,epio
0.1695766578444184,0.27057323694046387,0.8708246657219783,255,245,240,1,7.6923076923076925,erp5.recipe.cloudoooinstance
0.5721701181357394,0.9451085975191096,0.6136584442272588,255,245,240,1,7.6923076923076925,erp5diff
0.5770613571681202,0.06511019447838425,0.32858585368918153,255,245,240,1,7.6923076923076925,etk.docking
0.8909801881101259,0.23776527894393384,0.30020998721523695,255,245,240,1,7.6923076923076925,experimentdb
0.5731712291860347,0.7883932378333103,0.8553807697531131,255,245,240,1,7.6923076923076925,extproc
0.22262039172680348,0.7009566868851641,0.161695168512336,255,245,240,1,7.6923076923076925,ezodf
0.12704235328149055,0.786221058940549,0.44321118316467484,255,245,240,1,7.6923076923076925,fact
0.45832749323303484,0.5343962479510399,0.586420472096331,251,106,74,1,38.46153846153847,fanstatic
0.34240300092579007,0.20332900429151768,0.1153063023032398,255,245,240,1,7.6923076923076925,fanstatictemplate
0.2914393124262048,0.0400563120272127,0.6775057364728894,255,245,240,1,7.6923076923076925,fastsnmpy
0.2679369938857974,0.13935148032010986,0.7784304696592353,255,245,240,1,7.6923076923076925,fise.plone
0.31795449986311214,0.22079215549543782,0.8758156000086447,252,201,180,1,15.384615384615385,flake8
0.5902918270615457,0.7547493772747554,0.9331620850606779,255,245,240,1,7.6923076923076925,freetype-py
0.3309900223621337,0.9340595239019143,0.6491258098733215,255,245,240,1,7.6923076923076925,frontweb
0.6205483473290355,0.08785511387166772,0.8067987922326324,255,245,240,1,7.6923076923076925,ftpterm
0.9349063951109428,0.6139693071338188,0.7356595003998646,254,228,216,1,7.6923076923076925,funcparserlib
0.2887226730598073,0.8171338549764086,0.15391822645629455,255,245,240,1,7.6923076923076925,fuzzyparsers
0.5049856274544259,0.9611330463850849,0.3427579647810428,255,245,240,1,7.6923076923076925,geolucidate
0.13503457816432976,0.8760674780031624,0.6347072296590068,255,245,240,1,7.6923076923076925,gevent-socketio
0.895637270003386,0.4025927456610624,0.25324765574442626,255,245,240,1,7.6923076923076925,glamkit-adminboost
0.7300650729029093,0.9001258560785772,0.6584667780144241,255,245,240,1,7.6923076923076925,gocept.linkchecker
0.871144500942454,0.47612124776828263,0.24549644064502413,255,245,240,1,7.6923076923076925,google-apputils
0.392286741442985,0.7981292330696212,0.9068537626540444,254,228,216,1,7.6923076923076925,grokcore.component
0.8572342983476423,0.2884061181518996,0.7799072513484047,254,228,216,1,7.6923076923076925,grokcore.content
0.43779511512536684,0.4836495782696631,0.5335337042557513,103,0,12,1,100.0,grokcore.rest
0.12592845788696883,0.22127050384785002,0.6843847446902819,254,228,216,1,7.6923076923076925,grokcore.security
0.05488881310377244,0.5610440259618857,0.2882954624395883,255,245,240,1,7.6923076923076925,grokcore.traverser
0.34517278790521855,0.06685074064619423,0.3132648011565757,254,228,216,1,7.6923076923076925,grokcore.view
0.44385813696423393,0.04573776426678235,0.500647785799357,255,245,240,1,7.6923076923076925,grokcore.xmlrpc
0.6789100573632605,0.5585941337668763,0.05494982581100758,255,245,240,1,7.6923076923076925,gw20e.forms
0.27760645473869605,0.055265607528362376,0.39015207652812367,255,245,240,1,7.6923076923076925,hamster-rc
0.825352874448363,0.20115086419003766,0.4635254942727605,255,245,240,1,7.6923076923076925,hardlinker
0.1490501065650621,0.32487209144865703,0.1595572127771448,255,245,240,1,7.6923076923076925,hashdb
0.6455150273258441,0.04809041243213081,0.651296041944648,255,245,240,1,7.6923076923076925,hcss
0.7325724431218418,0.694594462411183,0.8851266781502664,255,245,240,1,7.6923076923076925,hiredis
0.6993051524730064,0.06970009809713408,0.25956348089153203,255,245,240,1,7.6923076923076925,html5witch
0.20774305519776842,0.10246204934645284,0.6688301734294295,255,245,240,1,7.6923076923076925,htpicker
1.0,0.5678976819851248,0.5045960477142305,255,245,240,1,7.6923076923076925,huck
0.745428740423441,0.11945743681341538,0.7580855285172344,255,245,240,1,7.6923076923076925,hyde-slimmer
0.636632044041963,0.7967958913347382,0.8949791744386837,255,245,240,1,7.6923076923076925,hyde-zipper
0.7228751277194144,0.8426448357470128,0.14529142420421992,255,245,240,1,7.6923076923076925,iencode-ng
0.3532983376832089,0.6075993781427758,0.9889171566077227,255,245,240,1,7.6923076923076925,ikazuchi
0.7380438160781907,0.07139253210863476,0.596295952567211,255,245,240,1,7.6923076923076925,importhelpers
0.8693242780024119,0.32529030292816646,0.8758806159813722,255,245,240,1,7.6923076923076925,inqbus.plone.fastmemberproperties
0.43000286566562024,0.06458749157641709,0.8056917996096642,255,245,240,1,7.6923076923076925,irclog
0.024750069540694628,0.48015314529413095,0.5843978395250085,255,245,240,1,7.6923076923076925,isotoma.recipe.cluster
0.5188352287017226,0.29997786317998076,0.021811903335131846,255,245,240,1,7.6923076923076925,isotoma.zope.testpythonscript
0.9465054197748085,0.4053148069213789,0.3258629215352119,255,245,240,1,7.6923076923076925,janky_post
0.4436784714214573,0.5072389916556739,1.0,255,245,240,1,7.6923076923076925,jip
0.9256118714790433,0.3175372867031539,0.7274809904170088,255,245,240,1,7.6923076923076925,js.extjs
0.022022645457031198,0.6723221299026286,0.495398317100534,255,245,240,1,7.6923076923076925,js.galleriffic
0.07351405053189992,0.37407804974367675,0.7464406908161392,254,228,216,1,7.6923076923076925,js.jquery
0.8036431446445242,0.3964387595888631,0.0805267926092845,255,245,240,1,7.6923076923076925,js.jquery_jgrowl
0.7468328799493961,0.15633884476517038,0.23810980355646238,255,245,240,1,7.6923076923076925,js.jquery_metadata
0.8594815217130589,0.8106434234382017,0.47981932639889285,255,245,240,1,7.6923076923076925,js.jquery_slimbox
0.5732188470293701,0.04188382700519887,0.2628035114465865,255,245,240,1,7.6923076923076925,js.jquery_tablesorter
0.15275435046390412,0.322159977783639,0.8099063599603934,255,245,240,1,7.6923076923076925,js.jquery_textchildren
0.8466853838789187,0.13105101124128854,0.5086166320304922,255,245,240,1,7.6923076923076925,js.jquery_tooltip
0.8723680424850669,0.7648451331659709,0.2618982280090909,255,245,240,1,7.6923076923076925,js.tinymce
0.746517489717061,0.832220043246281,0.27105849556439465,255,245,240,1,7.6923076923076925,js.yui
0.05803408416874351,0.5612233972888977,0.43802096229691634,254,228,216,1,7.6923076923076925,jsmin
0.36801905786064915,0.37005368269955613,0.04909554833065202,255,245,240,1,7.6923076923076925,kurzfile
0.07287646998543328,0.3843037243296613,0.3267600897204434,255,245,240,1,7.6923076923076925,latimes-appengine-template
0.9604948339129104,0.518032037711548,0.3759141319859255,255,245,240,1,7.6923076923076925,launch-control-tool
0.28452823606967165,0.09697352645394006,0.37774939267597096,255,245,240,1,7.6923076923076925,libfm
0.7373183662376334,0.2458212640623934,0.09046266796901156,255,245,240,1,7.6923076923076925,libtele
0.9400373455059965,0.21126881655849591,0.5483421802648573,255,245,240,1,7.6923076923076925,linaro-json
0.32509124742539103,0.7806757653145412,0.9135806137133282,255,245,240,1,7.6923076923076925,linseed
0.0,0.4972810897114705,0.5223017492634129,255,245,240,1,7.6923076923076925,lists
0.39600529219508174,0.4900115673552139,0.07785311038745114,254,228,216,1,7.6923076923076925,litex.cxpool
0.8874348071606944,0.37411914292039905,0.7974681008271474,255,245,240,1,7.6923076923076925,liu-anslagstavlan
0.7270389771640183,0.7343465358859831,0.15684271332836802,255,245,240,1,7.6923076923076925,loggerglue
0.512905061201345,0.3717077894758561,0.9601526907558486,255,245,240,1,7.6923076923076925,loggly
0.1616374019113036,0.6663092511593482,0.15002138446790647,255,245,240,1,7.6923076923076925,logy
0.62881060311158,0.3320837702529034,0.09175963848222377,254,228,216,1,7.6923076923076925,lxml
0.30063549997659433,0.13109604202639358,0.855872795566517,255,245,240,1,7.6923076923076925,m2wsgi
0.2818582263343286,0.9172473478151804,0.307574981818321,255,245,240,1,7.6923076923076925,mark
0.4504744574377478,0.9232796106024705,0.23268380044457748,254,228,216,1,7.6923076923076925,martian
0.029070030641205058,0.5387566648442221,0.6715833781949704,254,228,216,1,7.6923076923076925,matplotlib
0.8451059792606302,0.843076052026789,0.6946516538296741,255,245,240,1,7.6923076923076925,md
0.15973038559306627,0.17648940019688752,0.7463170544232688,255,245,240,1,7.6923076923076925,menhir.contenttype.photoalbum
0.06166428876023352,0.3215024074944795,0.726976337178049,255,245,240,1,7.6923076923076925,metroclient
0.281024302256898,0.3093636785478998,0.9455628529905524,255,245,240,1,7.6923076923076925,minimongo
0.2713482693849675,0.6906043937921936,0.08514140230439499,255,245,240,1,7.6923076923076925,mm2notes
0.6484797201539372,0.11947995218934367,0.8670927718637993,255,245,240,1,7.6923076923076925,model-mommy
0.9030708191647615,0.7661470217211613,0.38931014398364133,255,245,240,1,7.6923076923076925,mongate
0.1871752152105528,0.15649535084930563,0.19713218158929696,254,228,216,1,7.6923076923076925,mpyq
0.12007174544345116,0.400313710911672,0.2035702864804295,255,245,240,1,7.6923076923076925,msparser
0.15689901084476585,0.46388628621623806,0.836879812227915,255,245,240,1,7.6923076923076925,mtg
0.8193022412964159,0.275821922850574,0.12768852875405665,255,245,240,1,7.6923076923076925,nfg.mt940
0.3723118281793476,0.6350611395700475,0.3530376261930021,252,170,142,1,23.076923076923077,nodepy
0.16466247770882736,0.806096599460608,0.3682484517989119,252,201,180,1,15.384615384615385,nose
0.25128899647194936,0.6201127651958571,0.05349229109504406,255,245,240,1,7.6923076923076925,nosecolor
0.6055246427666979,0.9409001894846306,0.3664101041757209,252,201,180,1,15.384615384615385,numpy
0.9310420348424062,0.6967546769182765,0.7205285103119823,255,245,240,1,7.6923076923076925,nxt-python
0.23893705587573077,0.8896449566039847,0.4723100266185876,255,245,240,1,7.6923076923076925,oo
0.8069007345917615,0.1968914732181166,0.8461154568151578,255,245,240,1,7.6923076923076925,oosheet
0.06653415943205264,0.7260478366040365,0.2913188921040601,255,245,240,1,7.6923076923076925,pagerator
0.4430372429237806,0.6802054866912837,0.036178240181831446,255,245,240,1,7.6923076923076925,panya-playlist
0.8028136449481058,0.8872572537215003,0.6341799191462055,255,245,240,1,7.6923076923076925,panya-tube
0.7206257355081841,0.3956218556226853,0.08179710276640643,255,245,240,1,7.6923076923076925,papyrus
0.6881199384571811,0.2785130695438792,0.10389148877573723,255,245,240,1,7.6923076923076925,papyrus_tilecache
0.5015006735803735,0.8518195270756633,0.12771262247808518,255,245,240,1,7.6923076923076925,pas.plugins.aselect
0.4071946812889397,0.7309006702294456,0.9398025306149588,255,245,240,1,7.6923076923076925,pea
0.07295192491009514,0.6644379189011792,0.7568761754298947,255,245,240,1,7.6923076923076925,plone.app.async
0.11702475677445337,0.801132825786095,0.5278075393196339,255,245,240,1,7.6923076923076925,plonetheme.intk
0.8501795744972256,0.14532963806976135,0.6180478849668887,255,245,240,1,7.6923076923076925,podcaster
0.2347682691557167,0.0586727015426439,0.536693850413178,255,245,240,1,7.6923076923076925,praekelt.recipe.deploy
0.488828237410598,0.9562114437292996,0.5258095354037358,255,245,240,1,7.6923076923076925,purity-ng
0.6951518343566057,0.06881969826287267,0.33445074971696026,255,245,240,1,7.6923076923076925,pyGravatar
0.5059179299358805,0.0898299260192291,0.8442597178141847,255,245,240,1,7.6923076923076925,pyRFC3339
0.07709951233180805,0.6048348949189523,0.6656843016711896,255,245,240,1,7.6923076923076925,pyandoc
0.15326149912184103,0.251268933522616,0.805703536478102,255,245,240,1,7.6923076923076925,pyawschart
0.3445843496457925,0.8930645420485696,0.3599340432373827,255,245,240,1,7.6923076923076925,pybedtools
0.9759696154499843,0.39728244109462724,0.5427843311934297,255,245,240,1,7.6923076923076925,pycoreutils
0.30526462962350764,0.9631631483666004,0.4152151466664359,255,245,240,1,7.6923076923076925,pyechonest
0.07082797061553583,0.3747929229567225,0.798399536096418,255,245,240,1,7.6923076923076925,pypagseguro
0.40796965531800866,0.5126875149491825,0.5557675372201998,152,12,19,1,84.61538461538461,pyramid
0.34536838017508675,0.4469772384073205,0.014748333150365353,254,228,216,1,7.6923076923076925,pyramid-jinja2
0.7743290000071124,0.6630470962171742,0.8159349599642503,255,245,240,1,7.6923076923076925,pyramid-openid
0.2615524315470483,0.41697405751770433,0.3466803225535237,252,170,142,1,23.076923076923077,pyramid-zcml
0.026408347022114576,0.6493181292488254,0.5498335626431664,255,245,240,1,7.6923076923076925,pyramid_handlers
0.855430975828019,0.884122561774248,0.4549221756963375,255,245,240,1,7.6923076923076925,pyramid_simpleform
0.5263461269820672,0.925218700364354,0.7675141343494204,255,245,240,1,7.6923076923076925,pyramid_sqla
0.08540511844494317,0.4694360214123872,0.7495612879983271,255,245,240,1,7.6923076923076925,pyramid_who
0.4668926445230905,0.8995779679016246,0.8135270901162692,255,245,240,1,7.6923076923076925,pyswitch
0.8978002057498918,0.4281575208565708,0.7441076930408168,251,138,106,1,30.76923076923077,pytest
0.6881430495423994,0.19358782100554,0.9114285076067115,252,201,180,1,15.384615384615385,pytest-cov
0.6820013960675572,0.7454655785973926,0.08883443994182065,254,228,216,1,7.6923076923076925,pytest-pep8
0.7418675394051876,0.0347431538144263,0.5435874888626129,255,245,240,1,7.6923076923076925,pytest_gae
0.8885873374697683,0.8387565143338865,0.5925268612581328,255,245,240,1,7.6923076923076925,python-cli
0.14577450355215815,0.2969835562218987,0.7127386903557549,255,245,240,1,7.6923076923076925,python-clickatell
0.7570693984058982,0.2592433403416426,0.8890620220959616,254,228,216,1,7.6923076923076925,python-dateutil
0.10457838345980894,0.6711299864281135,0.21191841405708858,255,245,240,1,7.6923076923076925,python-googl
0.3787942851996656,0.9225944104109036,0.646550013927044,255,245,240,1,7.6923076923076925,python-ntlm
0.932093604560857,0.7695184911528685,0.39687602533837435,255,245,240,1,7.6923076923076925,pythonsnmp
0.9206051478586899,0.662066208152979,0.20743626394826534,255,245,240,1,7.6923076923076925,pyverify
0.8460731672296871,0.811858538776222,0.18984303046924256,255,245,240,1,7.6923076923076925,pyvision
0.14568605532201728,0.15124668064167446,0.3177016400659709,255,245,240,1,7.6923076923076925,pywordpress
0.11123042113474384,0.7634103255055105,0.6690128232680534,255,245,240,1,7.6923076923076925,pywumpus
0.5571549664920573,0.6311458251039059,0.02442943481527919,255,245,240,1,7.6923076923076925,pyxdeco
0.4635999579304528,0.17783523395324524,0.8972431161187752,255,245,240,1,7.6923076923076925,pyzombie
0.4230037029544753,0.06474081754787561,0.2754324530246159,255,245,240,1,7.6923076923076925,quickdiagrams
0.3481350480856277,0.2575394416785419,0.9317669318835282,255,245,240,1,7.6923076923076925,radish
0.09708850479833268,0.2602180514841962,0.3669275072073111,255,245,240,1,7.6923076923076925,random_instances
0.02596526836936136,0.37271647908802213,0.3639916952276585,255,245,240,1,7.6923076923076925,redsolutioncms.django-catalog
0.12653546021926254,0.7848554252789713,0.22171186922318145,252,201,180,1,15.384615384615385,reportlab
0.26020599080687606,0.8787737580989946,0.20890289258984165,254,228,216,1,7.6923076923076925,repoze.evolution
0.3494067275192407,0.4781273346993572,0.04121471879174331,255,245,240,1,7.6923076923076925,repoze.pgtextindex
0.2644344085564048,0.21083777757988273,0.23918170422721208,254,228,216,1,7.6923076923076925,repoze.sphinx.autointerface
0.21794890314723409,0.5306007254859143,0.06156637323802457,255,245,240,1,7.6923076923076925,rlcompleter3
0.9439925170067054,0.3081490023882539,0.6471976809854068,255,245,240,1,7.6923076923076925,roadmap
0.2509667768907755,0.7605853251991603,0.10721964816189943,255,245,240,1,7.6923076923076925,rope_py3k
0.21079384705304083,0.11905589431916438,0.7771470570800862,255,245,240,1,7.6923076923076925,sahriswiki
0.29346950903812,0.23465721198704093,0.13795970565115814,255,245,240,1,7.6923076923076925,sala
0.5115503215636105,0.943897237500754,0.22815676463230414,255,245,240,1,7.6923076923076925,sarah
0.22002956827409506,0.22353814700577032,0.17385631373946855,254,228,216,1,7.6923076923076925,sc2reader
0.7458643595700662,0.4392313301209346,0.9280121030814948,255,245,240,1,7.6923076923076925,scikits.scattpy
0.4315117681887055,0.5695523351355828,0.9995094002299559,255,245,240,1,7.6923076923076925,scunch
0.22144899851281027,0.8372193192157719,0.5653202520834167,255,245,240,1,7.6923076923076925,selenium-saucelabs-python
0.25799494312966037,0.48356751385291186,0.36029517461181193,252,170,142,1,23.076923076923077,seqdiag
0.01812520696508169,0.4953301177193513,0.36146210999535267,187,20,25,1,61.53846153846154,setuptools
0.6258459733510152,0.8074500811733776,0.09024405913966702,255,245,240,1,7.6923076923076925,sffms
0.11744682925081931,0.16780461584285636,0.40234896034012885,255,245,240,1,7.6923076923076925,shortuuid
0.8889843741986646,0.24974529401647863,0.7961692209990241,255,245,240,1,7.6923076923076925,silk-config
0.18671550465693532,0.251959910238118,0.12799551776398735,252,170,142,1,23.076923076923077,six
0.9417780384148821,0.41446564157712484,0.47099345739978754,254,228,216,1,7.6923076923076925,slacklog
0.7430240012948955,0.8007362702739842,0.8198000443086293,255,245,240,1,7.6923076923076925,smewt
0.5764565155594616,0.9096812589727514,0.2252302327969324,255,245,240,1,7.6923076923076925,social_auth_py
0.4576796243795537,0.6099833385880136,0.42268184360426725,254,228,216,1,7.6923076923076925,sphinxcontrib-blockdiag
0.24946868799736657,0.4723378457003721,0.2742086445878944,252,201,180,1,15.384615384615385,sphinxcontrib-email
0.9499231713903541,0.5606768825714639,0.4077612220931191,255,245,240,1,7.6923076923076925,sphinxtools
0.8797440752258878,0.6886532341978249,0.7553083849900604,255,245,240,1,7.6923076923076925,sqlalchemy_schemadisplay
0.835914449392459,0.8369945018190346,0.3046932852388407,255,245,240,1,7.6923076923076925,sqlite3dbm
0.0692932840767342,0.7331312631992092,0.41229537749241,255,245,240,1,7.6923076923076925,sqlwitch
0.3787892944427363,0.5746025390111967,0.012992161011576128,255,245,240,1,7.6923076923076925,squasher
0.6536488337727293,0.29736906722430834,0.9591414858558621,255,245,240,1,7.6923076923076925,stalker
0.6177363499117868,0.02336181612868516,0.5078942010925089,255,245,240,1,7.6923076923076925,stargate
0.9133727283002573,0.5289248236811084,0.17029267126397632,255,245,240,1,7.6923076923076925,stats-tools
0.24992111504226747,0.622304353738257,0.9284879139567216,255,245,240,1,7.6923076923076925,stringslipper
0.12114291565911714,0.5547951460477891,0.8426246458205436,255,245,240,1,7.6923076923076925,strippers.wikipedia
0.3980229088027003,0.89342970745105,0.7555464904795912,255,245,240,1,7.6923076923076925,stub
0.5969486535666563,0.5692216184351768,0.1090277004937518,252,170,142,1,23.076923076923077,stucco-auth
0.42751619192347734,0.43950852988760025,0.47686218466543107,252,170,142,1,23.076923076923077,stucco-evolution
0.6342769005113159,0.15178909947090916,0.1775503075165224,255,245,240,1,7.6923076923076925,subtypes
0.4983264012876065,0.7902882345894757,0.9257127846870502,255,245,240,1,7.6923076923076925,sunburnt
0.6181120364571905,0.01908450964974919,0.5814122512570234,255,245,240,1,7.6923076923076925,supercsv
0.7180900557150262,0.9422016112752685,0.5198127304390212,254,228,216,1,7.6923076923076925,sympy
0.2612252845386532,0.3775149097246618,0.0543824663714422,255,245,240,1,7.6923076923076925,synthesis
0.05357124796864543,0.26438293418019243,0.43453359931602775,255,245,240,1,7.6923076923076925,tabledown
0.8568927820392795,0.7018409044819558,0.19178085016994229,255,245,240,1,7.6923076923076925,tarstream
0.942499645979291,0.21318721086971182,0.4666145393146835,255,245,240,1,7.6923076923076925,telephonie
0.6392123190938623,0.650869395053851,0.06545406014294837,255,245,240,1,7.6923076923076925,tenpy
0.6204948985248904,0.49667561350808215,0.02989996062381942,255,245,240,1,7.6923076923076925,test_pysimplesoap
0.8281671871634917,0.16733434969987954,0.35298897599924456,255,245,240,1,7.6923076923076925,tetrisinventory
0.7122826359641672,0.20048564888746445,0.8459121449274672,255,245,240,1,7.6923076923076925,tigreBrowser
0.08267162218890316,0.18743976246120264,0.4153123840306173,255,245,240,1,7.6923076923076925,tinypie
0.675185852662839,0.7941034015636081,0.833053749959444,255,245,240,1,7.6923076923076925,tkinter.help
0.4526834512048031,0.8734442870083592,0.8875728346229875,254,228,216,1,7.6923076923076925,translationstring
0.04839492841640832,0.371761402362933,0.6468551280772664,255,245,240,1,7.6923076923076925,transurlvania
0.17486775894784834,0.8744326928487307,0.34773267230667165,255,245,240,1,7.6923076923076925,tropo-webapi-python
0.01994333121885269,0.3436413360866218,0.4290962183192392,255,245,240,1,7.6923076923076925,turkic
0.03905973754245873,0.33527459307291235,0.5457398109426627,255,245,240,1,7.6923076923076925,tuxmodule
0.5565664290345944,0.33671649830645584,0.9913271849318085,255,245,240,1,7.6923076923076925,tvtags
0.7112839419453019,0.5937925362343132,0.9658115642511182,255,245,240,1,7.6923076923076925,tw2.tipster
0.5584359445869638,0.7077271351732944,0.06041812799603324,255,245,240,1,7.6923076923076925,tweeql2solr
0.11455744607003762,0.8569387725889847,0.5234158600077577,255,245,240,1,7.6923076923076925,txldap
0.6110420661503077,0.082113928547181,0.1871021409309692,255,245,240,1,7.6923076923076925,txoauth
0.40236542023890964,0.8516757870406465,0.851727470743169,255,245,240,1,7.6923076923076925,txsetup
0.7344708899844006,0.37598772807092273,0.9326602216691434,255,245,240,1,7.6923076923076925,typetrainer
0.13234903214601257,0.6316755703063551,0.8304232824176443,255,245,240,1,7.6923076923076925,typogrify
0.7175003776037653,0.04328112605732358,0.4593447030912376,255,245,240,1,7.6923076923076925,unicode-nazi
0.21232537907777352,0.829291386736547,0.25618241614799614,255,245,240,1,7.6923076923076925,urwid-satext
0.19027623992028536,0.7787050879780084,0.17187290590858434,252,201,180,1,15.384615384615385,venusian
0.45468709836461235,1.0,0.4782004864825727,255,245,240,1,7.6923076923076925,virtualenvwrapper.bitbucket
0.3870170794223634,0.1689228576642419,0.9080715620320468,255,245,240,1,7.6923076923076925,virtualenvwrapper.django
0.3527695960913115,0.7024015638126486,0.9273224198895179,255,245,240,1,7.6923076923076925,virtualenvwrapper.github
0.18514576957375567,0.5103095836620557,0.13612175396484116,255,245,240,1,7.6923076923076925,vizing
0.8506454861287269,0.3507325771374005,0.1908711592485323,255,245,240,1,7.6923076923076925,wcurve
0.47656294604117433,0.015512358167359505,0.4484851939440427,255,245,240,1,7.6923076923076925,wdmmgext
0.12300007163168816,0.6578024583483028,0.7569699768485301,254,228,216,1,7.6923076923076925,webcolors
0.7547346997101921,0.7368601352918828,0.11693347571489536,255,245,240,1,7.6923076923076925,weblayer
0.8135513531508294,0.9135903968674421,0.5379793446480384,255,245,240,1,7.6923076923076925,wm.sampledata
0.8940480473652843,0.23764856027896197,0.6410741190470812,255,245,240,1,7.6923076923076925,xupdate-processor
0.15324164600247814,0.11695017102645626,0.6501949657836503,255,245,240,1,7.6923076923076925,yay
0.1263351460055525,0.7674222644005565,0.7619753587919976,255,245,240,1,7.6923076923076925,yoink
0.7444324539830001,0.05856408690680053,0.6976758120735247,255,245,240,1,7.6923076923076925,z3c.appconfig
0.1639573686356667,0.20524806828342682,0.3361593708087153,255,245,240,1,7.6923076923076925,zam.locales
0.4184479936072691,0.10302663403909765,0.1543226327402679,255,245,240,1,7.6923076923076925,zc.monitorcache
0.771406575199336,0.1808583443783853,0.16675763484900458,255,245,240,1,7.6923076923076925,zetalibrary
0.8870463503852692,0.20910965206487223,0.7095249524698116,254,228,216,1,7.6923076923076925,zope.app.appsetup
0.4971902747309327,0.5967062955846555,0.49978435338289134,241,68,49,1,46.15384615384615,zope.app.http
0.37970163758973186,0.7036645436050819,0.06943159892366255,252,201,180,1,15.384615384615385,zope.component
0.44919358022483147,0.8308470208029756,0.13537076881803556,254,228,216,1,7.6923076923076925,zope.configuration
0.42152394230818463,0.6123462739520134,0.9685671751264233,254,228,216,1,7.6923076923076925,zope.container
0.639799453683287,0.5655292037072328,0.9284841743645478,254,228,216,1,7.6923076923076925,zope.deprecation
0.6194075786976531,0.35959874934544794,0.057339291145777814,254,228,216,1,7.6923076923076925,zope.filerepresentation
0.5231010393531926,0.6253633968472833,0.9915614968669612,252,170,142,1,23.076923076923077,zope.interface
0.9134327307063942,0.772906199387683,0.4897510850840229,252,201,180,1,15.384615384615385,zope.publisher
0.3920975866150681,0.7913218502888398,0.07205914554138665,254,228,216,1,7.6923076923076925,zope.securitypolicy
0.2288026968627141,0.7552894951676826,0.8017381696864817,254,228,216,1,7.6923076923076925,zope.testbrowser
0.14499229901047528,0.1480078142233951,0.5239134955418248,254,228,216,1,7.6923076923076925,zope.testing
0.5870073581809144,0.028428847663483515,0.7038818668635832,255,245,240,1,7.6923076923076925,zope2.zodbbrowser
